time, x, y
0.0, -0.02713259919035837, -0.004654495901576876
0.01, -0.03725748320047611, -0.01131664075216791
0.02, -0.032918603177582044, -0.02769192678594247
0.03, -0.05231461501135325, -0.04660289047087314
0.04, -0.06825223186071862, -0.01897898581508173
0.05, -0.0638608299642999, 0.0038874185583991187
0.060000000000000005, -0.08664216650689016, 0.024217401515069757
0.07, -0.05797948460562746, 0.026003849570125838
0.08, -0.05708860528507226, 0.05350557005145487
0.09, -0.033878978733254426, 0.06559401983322743
0.09999999999999999, -0.042623919606956176, 0.08144263465246049
0.10999999999999999, -0.040275104885537594, 0.038450914557173886
0.11999999999999998, -0.0038236377771512994, 0.05876511649384782
0.12999999999999998, 0.01930084322244341, 0.06929311726687923
0.13999999999999999, 0.02950478338984279, 0.09216697078409777
0.15, 0.028209034286556196, 0.117895481917496
0.16, 0.06062571347668291, 0.12604382530494015
0.17, 0.04824066489369892, 0.11527066342304224
0.18000000000000002, 0.04695080663063802, 0.14317578379328352
0.19000000000000003, 0.05723371075461689, 0.15788244625607759
0.20000000000000004, 0.0785710604383172, 0.1535027582936367
0.21000000000000005, 0.08761649580337094, 0.1106014262361211
0.22000000000000006, 0.08345959836542807, 0.09878501399828561
0.23000000000000007, 0.09125708710690847, 0.0980148976364119
0.24000000000000007, 0.10184453855400498, 0.11472463216206696
0.25000000000000006, 0.11805125352190354, 0.08969916597884825
0.26000000000000006, 0.11868250048162027, 0.07343276196988002
0.2700000000000001, 0.1558424708122075, 0.0861588062277387
0.2800000000000001, 0.18100714019751074, 0.09994329448141241
0.2900000000000001, 0.18361507865082335, 0.11495573170597374
0.3000000000000001, 0.19418000278520403, 0.1380487168990746
0.3100000000000001, 0.19834088464167757, 0.1671489977514936
0.3200000000000001, 0.2236761029227489, 0.1942166987442689
0.3300000000000001, 0.24602308744060952, 0.1804925360639989
0.34000000000000014, 0.2723271568708, 0.19007637291541618
0.35000000000000014, 0.233944935819334, 0.18937098493318508
0.36000000000000015, 0.21441144097315448, 0.16825803449635943
0.37000000000000016, 0.22862970180262876, 0.1672007670536168
0.38000000000000017, 0.24963853630061386, 0.15353871805826033
0.3900000000000002, 0.27483654184828216, 0.19150972386562817
0.4000000000000002, 0.2528861441487102, 0.1778960791422625
0.4100000000000002, 0.23112265547997637, 0.19292527511896862
0.4200000000000002, 0.22444059107996964, 0.2188543067068773
0.4300000000000002, 0.2659570852056081, 0.22154187195198902
0.4400000000000002, 0.26728270458863596, 0.2584851957938365
0.45000000000000023, 0.28341565118039613, 0.2605157805886871
0.46000000000000024, 0.2646791042096687, 0.27324070142344997
0.47000000000000025, 0.2547449836924756, 0.25946627886508455
0.48000000000000026, 0.2624910249881068, 0.25109013449648676
0.49000000000000027, 0.2767642247480109, 0.22875908806923523
0.5000000000000002, 0.26642918115828734, 0.2657777575098802
0.5100000000000002, 0.27376826254318487, 0.25537203894800514
0.5200000000000002, 0.25734094289933224, 0.23470811871458452
0.5300000000000002, 0.29450941846155254, 0.25774203496848885
0.5400000000000003, 0.3258402606906063, 0.24740660484702837
0.5500000000000003, 0.3345406437771591, 0.22870558200506128
0.5600000000000003, 0.3174219311737514, 0.2617231938178213
0.5700000000000003, 0.31055571019736994, 0.23678940666304005
0.5800000000000003, 0.33747994699196276, 0.26291009304293067
0.5900000000000003, 0.3687208897626922, 0.24130418163307368
0.6000000000000003, 0.3600989499973391, 0.23792071309027915
0.6100000000000003, 0.3882426564446461, 0.2158067264369154
0.6200000000000003, 0.38653905761579416, 0.2192383692311558
0.6300000000000003, 0.38824516593551617, 0.22085303375951396
0.6400000000000003, 0.4009566259576378, 0.2204608998451933
0.6500000000000004, 0.4229385052362153, 0.19978799646456563
0.6600000000000004, 0.44539593436412994, 0.2192599448219545
0.6700000000000004, 0.47024496562164253, 0.20929029102298488
0.6800000000000004, 0.479698729820886, 0.18860912898632481
0.6900000000000004, 0.46778327303025197, 0.24538752564913113
0.7000000000000004, 0.4749795027441056, 0.22078594430205517
0.7100000000000004, 0.4849127625038968, 0.2179573517884797
0.7200000000000004, 0.4648179161512864, 0.2401957228981792
0.7300000000000004, 0.4625506496969702, 0.24316143096789766
0.7400000000000004, 0.48740204021192085, 0.25838416510370016
0.7500000000000004, 0.4583020334506816, 0.25532998005812935
0.7600000000000005, 0.44947799565403357, 0.2495987204197723
0.7700000000000005, 0.45787239614775316, 0.287810123799622
0.7800000000000005, 0.4192296435487893, 0.2753970634378473
0.7900000000000005, 0.37553730845050637, 0.3211954608410422
0.8000000000000005, 0.38606994326603294, 0.3296560097317857
0.8100000000000005, 0.37695259774820356, 0.37957839277748606
0.8200000000000005, 0.3624037340381605, 0.39517528846352434
0.8300000000000005, 0.37606109629122475, 0.4111881981501959
0.8400000000000005, 0.3803511146316855, 0.4222851865267125
0.8500000000000005, 0.3947174946077683, 0.4335035804666294
0.8600000000000005, 0.423190702425245, 0.4298227938382427
0.8700000000000006, 0.41838910934383394, 0.4221144196776345
0.8800000000000006, 0.4675481230963469, 0.4783692911125582
0.8900000000000006, 0.5037847311591501, 0.4690439615297814
0.9000000000000006, 0.4867515501487877, 0.5011854513226494
0.9100000000000006, 0.47648956290037603, 0.4975156288199916
0.9200000000000006, 0.48421750644495054, 0.4751706448317936
0.9300000000000006, 0.509517924890128, 0.45454272285991293
0.9400000000000006, 0.5114062615955285, 0.43586037753385837
0.9500000000000006, 0.5158314707072211, 0.43255438047803413
0.9600000000000006, 0.5425769292915756, 0.4407239353837907
0.9700000000000006, 0.54052849659387, 0.49078854087824125
0.9800000000000006, 0.5335902148587278, 0.4813246098049267
0.9900000000000007, 0.5696539487369755, 0.46757285785004776
1.0000000000000007, 0.5569680964469323, 0.44610487328922294
1.0100000000000007, 0.5402283855988629, 0.45767888052305855
1.0200000000000007, 0.5511483620275271, 0.49478101539904845
1.0300000000000007, 0.5523431039635475, 0.47378736006073907
1.0400000000000007, 0.5503441772177471, 0.5161408257961393
1.0500000000000007, 0.5483969977570021, 0.5540971966352415
1.0600000000000007, 0.5438815548992891, 0.5424084144217047
1.0700000000000007, 0.5580949651667769, 0.5383054392182572
1.0800000000000007, 0.5467316456986278, 0.5008039503070711
1.0900000000000007, 0.5538898363283831, 0.4903408741072276
1.1000000000000008, 0.567955279504285, 0.4693627004796371
1.1100000000000008, 0.5928958990250591, 0.48569802326566636
1.1200000000000008, 0.5822949417526341, 0.49643506401269666
1.1300000000000008, 0.5503241411016601, 0.5295132541209396
1.1400000000000008, 0.548409742275888, 0.4920112476648964
1.1500000000000008, 0.5313058852081229, 0.44945646849995075
1.1600000000000008, 0.5176672177419815, 0.4545400440256735
1.1700000000000008, 0.5049077904106033, 0.43403150594841283
1.1800000000000008, 0.5270712714924423, 0.43053931874601886
1.1900000000000008, 0.5103814433243479, 0.4334826719325309
1.2000000000000008, 0.5062096297349338, 0.4385483023681112
1.2100000000000009, 0.47745046307745553, 0.4248162933636808
1.2200000000000009, 0.47053257083945077, 0.45084130934660815
1.2300000000000009, 0.4486487774132786, 0.47854069488450635
1.2400000000000009, 0.46038412572496984, 0.4561705621094711
1.2500000000000009, 0.45857166178207937, 0.45956560513643263
1.260000000000001, 0.43616749349312, 0.4622942681678366
1.270000000000001, 0.4389234128378615, 0.46357488862180724
1.280000000000001, 0.4619031551415354, 0.43563050627938676
1.290000000000001, 0.4578673128818881, 0.42958959018541787
1.300000000000001, 0.4465217422264133, 0.38694743715532964
1.310000000000001, 0.47172117043888506, 0.41478979092482765
1.320000000000001, 0.470222523483121, 0.4518164502551465
1.330000000000001, 0.4862769722270633, 0.4645820503957267
1.340000000000001, 0.4795514403033028, 0.44398045754825255
1.350000000000001, 0.4801059635956462, 0.4731232845998656
1.360000000000001, 0.5163636506919252, 0.487975416377336
1.370000000000001, 0.5078950610340806, 0.47874527833330016
1.380000000000001, 0.48830551853895965, 0.4930753525454974
1.390000000000001, 0.4889510776919484, 0.4894864185766313
1.400000000000001, 0.4989640446285341, 0.48621528474622683
1.410000000000001, 0.5199893985764513, 0.4888186438656125
1.420000000000001, 0.5329358083731562, 0.5258112343144777
1.430000000000001, 0.5071984828356596, 0.5152626533916225
1.440000000000001, 0.5202433891746742, 0.5531163307413717
1.450000000000001, 0.5033673946698742, 0.5557927966601193
1.460000000000001, 0.5305139403771527, 0.5524126558644503
1.470000000000001, 0.5141056280194144, 0.5804825723641529
1.480000000000001, 0.5188708073696549, 0.585247811349326
1.490000000000001, 0.5389842293016035, 0.5813130046035819
1.500000000000001, 0.5195590166789762, 0.5595316501717461
1.5100000000000011, 0.5425551132567538, 0.555330750366037
1.5200000000000011, 0.5301609922443297, 0.5633225167274625
1.5300000000000011, 0.5260509891631525, 0.5621893827196807
1.5400000000000011, 0.549035899724226, 0.5701248419986442
1.5500000000000012, 0.5563583329707015, 0.5512959829983375
1.5600000000000012, 0.5698732828739845, 0.5376213129376323
1.5700000000000012, 0.5703573629022488, 0.5526646620050124
1.5800000000000012, 0.5982987879678161, 0.5369932830015107
1.5900000000000012, 0.5932679041399637, 0.5398982829620088
1.6000000000000012, 0.6293004735699328, 0.5779112556371878
1.6100000000000012, 0.6247616695385725, 0.5918154775599684
1.6200000000000012, 0.647534152093318, 0.6087375405709595
1.6300000000000012, 0.6458625641062024, 0.6510496532145102
1.6400000000000012, 0.6312317131016728, 0.6322878668442593
1.6500000000000012, 0.6384637215308677, 0.6106286801118852
1.6600000000000013, 0.6401947533885405, 0.6384045037330138
1.6700000000000013, 0.6681483624816261, 0.6433623269138804
1.6800000000000013, 0.6821389287954331, 0.6272470314186975
1.6900000000000013, 0.6801274051991963, 0.6386332301464093
1.7000000000000013, 0.7247820395604155, 0.6624156840174263
1.7100000000000013, 0.7099219034575727, 0.6917192901683349
1.7200000000000013, 0.7460538916915889, 0.6825420591479869
1.7300000000000013, 0.7499540556863804, 0.699591645724029
1.7400000000000013, 0.7454052428818206, 0.7121759491905747
1.7500000000000013, 0.7317729125777601, 0.7444149787193569
1.7600000000000013, 0.7156479939814959, 0.7221701189641676
1.7700000000000014, 0.7253453587730346, 0.7542977229837532
1.7800000000000014, 0.7188611605803845, 0.7656349689375088
1.7900000000000014, 0.7235186372158483, 0.7649335773568269
1.8000000000000014, 0.7504984838601659, 0.7772757603731613
1.8100000000000014, 0.7247668810119366, 0.7715374809701232
1.8200000000000014, 0.708561664053725, 0.7559613319991699
1.8300000000000014, 0.735564791125505, 0.7431995078731637
1.8400000000000014, 0.7717588517680447, 0.7931101148031707
1.8500000000000014, 0.7582767652509401, 0.7743510822809562
1.8600000000000014, 0.7781735506485509, 0.802511315427509
1.8700000000000014, 0.8229691286110442, 0.810547017169369
1.8800000000000014, 0.8170160286363071, 0.8230771341840172
1.8900000000000015, 0.8660193492811964, 0.8225264189732946
1.9000000000000015, 0.8940549326108311, 0.8464193001091813
1.9100000000000015, 0.9258474818842789, 0.8279155474827756
1.9200000000000015, 0.9209877020677966, 0.8432112577196944
1.9300000000000015, 0.9165102258893743, 0.8219104408800862
1.9400000000000015, 0.9388738013097938, 0.8068133134538719
1.9500000000000015, 0.9873065889440653, 0.8062640237134853
1.9600000000000015, 0.9646939014026532, 0.8398412582793023
1.9700000000000015, 0.957508963884545, 0.8663219634714812
1.9800000000000015, 0.9589498942535586, 0.8461446751200132
1.9900000000000015, 0.9200106232921628, 0.8339523890824907
2.0000000000000013, 0.9219326211137305, 0.8549143930522766
2.010000000000001, 0.8928801886477811, 0.8415829283805996
2.020000000000001, 0.8971159974277665, 0.8452875576787351
2.0300000000000007, 0.8797893910316797, 0.8551313951212809
2.0400000000000005, 0.8538810362348112, 0.8840889593462573
2.0500000000000003, 0.8496363440006892, 0.9173322904998524
2.06, 0.847860980422281, 0.9735536577276473
2.07, 0.8691974154658737, 1.0111627303751314
2.0799999999999996, 0.8825661213330498, 1.0379288685261725
2.0899999999999994, 0.8634415230160017, 1.0282647905153361
2.099999999999999, 0.9087092780188258, 1.0245912577635425
2.109999999999999, 0.931847927730383, 1.0323840075579438
2.1199999999999988, 0.9326448973470789, 1.0262748955461107
2.1299999999999986, 0.9551143477901781, 1.027501656845397
2.1399999999999983, 0.946761355590051, 1.0430982066212124
2.149999999999998, 0.9334731085221332, 1.0272366506693853
2.159999999999998, 0.9589281012183257, 0.9895503227444071
2.1699999999999977, 0.9569842271037095, 0.9855419802073857
2.1799999999999975, 0.9520089685416518, 1.0133997242962212
2.1899999999999973, 0.9800182958083313, 1.0092814267725292
2.199999999999997, 0.9753548104785548, 1.0300870849799353
2.209999999999997, 0.9496037973225899, 1.0414564629332959
2.2199999999999966, 0.9695520163978109, 1.0037826268773165
2.2299999999999964, 0.9679173870840762, 1.03595696191668
2.239999999999996, 0.9752213396961672, 1.0391008270432898
2.249999999999996, 0.9913050689688931, 1.0174054671362487
2.259999999999996, 0.9808321970542545, 0.99691085086813
2.2699999999999956, 0.9960191403429836, 0.9865112157008472
2.2799999999999954, 0.9811068285844724, 0.9764288587616328
2.289999999999995, 0.9905841995381596, 1.004778605535424
2.299999999999995, 0.9885736239387011, 0.98326705618501
2.3099999999999947, 0.9687254785002839, 0.9775576438832545
2.3199999999999945, 0.9815307656096345, 0.9498689776894627
2.3299999999999943, 0.9494101630599141, 0.9555203473928471
2.339999999999994, 0.9652812613853677, 0.9817414241935316
2.349999999999994, 0.9609098692355844, 0.9656741093164405
2.3599999999999937, 0.9817335382083129, 0.9782414718508896
2.3699999999999934, 0.9833068013985387, 0.9667885666611201
2.3799999999999932, 0.9902572272839638, 0.9999412906961672
2.389999999999993, 0.964379342851371, 1.0370650589032324
2.399999999999993, 0.9419986674877723, 1.0363742769533906
2.4099999999999926, 0.9337414694572774, 1.0415775049324945
2.4199999999999924, 0.9178691653715778, 1.0869588197628934
2.429999999999992, 0.9280853518021537, 1.0707978095564088
2.439999999999992, 0.9308652923808364, 1.0975635347993875
2.4499999999999917, 0.9593184670006423, 1.0960175915437191
2.4599999999999915, 0.9470282279871839, 1.095070115694852
2.4699999999999913, 0.9684468457112914, 1.0668522644658731
2.479999999999991, 0.9762635394754823, 1.0774497202292246
2.489999999999991, 1.013566510339157, 1.1228691304218563
2.4999999999999907, 1.0500132337780053, 1.113412733708728
2.5099999999999905, 1.0451184353446037, 1.1556364306613185
2.5199999999999902, 1.0681973574926098, 1.130490263847995
2.52999999999999, 1.0451080367090293, 1.1168444375028381
2.53999999999999, 1.0290277376310857, 1.1006261695970887
2.5499999999999896, 1.0033163638708398, 1.0799862470410921
2.5599999999999894, 1.0175912026918377, 1.0619257803481104
2.569999999999989, 1.0048710527912064, 1.0612344774716715
2.579999999999989, 1.0148245750999874, 1.0517024012352383
2.5899999999999888, 1.0468302275321717, 1.047709182759398
2.5999999999999885, 1.0569728752394385, 1.0533155720713203
2.6099999999999883, 1.0309667308145944, 1.0868081078617933
2.619999999999988, 1.0519463772237359, 1.0618856114375195
2.629999999999988, 1.053666844988542, 1.099126007837432
2.6399999999999877, 1.0655410471777924, 1.1279788079777482
2.6499999999999875, 1.0934799756555003, 1.1301116864159333
2.6599999999999873, 1.0737059676533272, 1.1261816985873492
2.669999999999987, 1.115034719707742, 1.1212443860111538
2.679999999999987, 1.1219129784292108, 1.1179374944077825
2.6899999999999866, 1.1467706009157093, 1.137418339373539
2.6999999999999864, 1.1419474146788664, 1.1655850233618377
2.709999999999986, 1.1374156725934093, 1.2037444736705405
2.719999999999986, 1.1445779109797478, 1.231585076859581
2.7299999999999858, 1.1128447113984896, 1.243960805561191
2.7399999999999856, 1.0996753164729403, 1.222019700273318
2.7499999999999853, 1.0834410182148297, 1.2185539954133064
2.759999999999985, 1.0702992627814785, 1.2514734462852706
2.769999999999985, 1.0690247250956324, 1.249881343887107
2.7799999999999847, 1.0801751197928455, 1.2356504230865168
2.7899999999999845, 1.0905849676208628, 1.2460003727834057
2.7999999999999843, 1.0475792648800277, 1.2574740622971927
2.809999999999984, 1.0264179614139224, 1.2695288148322412
2.819999999999984, 1.0360770156136379, 1.262701806293879
2.8299999999999836, 1.0387016090263677, 1.2910035278651921
2.8399999999999834, 1.0437972822952664, 1.2794885978025419
2.849999999999983, 1.0343196145851274, 1.2751885777053888
2.859999999999983, 1.0267669850459227, 1.2604561540037882
2.869999999999983, 1.0416881145457844, 1.2408155216193
2.8799999999999826, 1.0380176669260948, 1.2248532603430389
2.8899999999999824, 1.049189700017221, 1.2460855456922117
2.899999999999982, 1.0397925702926032, 1.2448234013585526
2.909999999999982, 1.035608816501275, 1.2191870059210217
2.9199999999999817, 1.0316381427258998, 1.2313987288209396
2.9299999999999815, 1.087826207224992, 1.2214912967956577
2.9399999999999813, 1.1133143274730422, 1.2001036361232837
2.949999999999981, 1.1118188261375392, 1.186386019801884
2.959999999999981, 1.1099563067790783, 1.189824784171458
2.9699999999999807, 1.1241780485126813, 1.1743071955807696
2.9799999999999804, 1.122199758572693, 1.186839096977646
2.9899999999999802, 1.1370035876551043, 1.1895108111521362
2.99999999999998, 1.1301343773897976, 1.2265947466010307
3.00999999999998, 1.1455848460994458, 1.208513078464194
3.0199999999999796, 1.1560543634306026, 1.1869366615151522
3.0299999999999794, 1.2005612387729234, 1.1921215349037337
3.039999999999979, 1.2005225541913802, 1.2075805089969986
3.049999999999979, 1.1855505745683814, 1.211175769834622
3.0599999999999787, 1.2120900321340589, 1.208244339694725
3.0699999999999785, 1.2263756397136425, 1.2419316750447091
3.0799999999999783, 1.2001212205505236, 1.2472687597090264
3.089999999999978, 1.255379680210572, 1.243888182067481
3.099999999999978, 1.2907984603776599, 1.2773680709472495
3.1099999999999777, 1.3220454702736137, 1.3071337848786313
3.1199999999999775, 1.3196361068427647, 1.3410925799951203
3.1299999999999772, 1.3213136866314157, 1.3521702668592661
3.139999999999977, 1.3435232849490186, 1.3516223100540292
3.149999999999977, 1.3411917012921146, 1.3512179660295185
3.1599999999999766, 1.3666253170896996, 1.3749748658746237
3.1699999999999764, 1.3587633091538356, 1.3993867381226512
3.179999999999976, 1.3722448196538735, 1.4149242591361217
3.189999999999976, 1.4028053418902282, 1.4718189872739205
3.1999999999999758, 1.4098178396391978, 1.5221864406848147
3.2099999999999755, 1.4184710596742158, 1.5190551367549765
3.2199999999999753, 1.4391850877122327, 1.5242474031416395
3.229999999999975, 1.4197918406076897, 1.5354863541709023
3.239999999999975, 1.434565875752681, 1.5811654534085284
3.2499999999999747, 1.4840058101124458, 1.5597469584224064
3.2599999999999745, 1.4612013891844828, 1.5886804865730082
3.2699999999999743, 1.4596215302860414, 1.5827806271750995
3.279999999999974, 1.4600692697999322, 1.5821102619793508
3.289999999999974, 1.4585290886660198, 1.5762914704842859
3.2999999999999736, 1.4413462517439912, 1.587217687083522
3.3099999999999734, 1.4401324358651408, 1.6325004212626235
3.319999999999973, 1.4322635945706508, 1.627656852952716
3.329999999999973, 1.4705899967197773, 1.6469094841961696
3.3399999999999728, 1.4938935293047158, 1.653886438807588
3.3499999999999726, 1.4880587869879431, 1.6612585424123216
3.3599999999999723, 1.4456351409480868, 1.7100692572922165
3.369999999999972, 1.4750422080912258, 1.7049978028818993
3.379999999999972, 1.504230972309769, 1.7121881180555765
3.3899999999999717, 1.501547109317515, 1.708328457281754
3.3999999999999715, 1.5184832719290002, 1.6820940993544116
3.4099999999999713, 1.4993255909142322, 1.6709631914395224
3.419999999999971, 1.5096801296412292, 1.6519639076935098
3.429999999999971, 1.5039527569159585, 1.621837586396614
3.4399999999999706, 1.5557178027904106, 1.6111728472266198
3.4499999999999704, 1.590803073504065, 1.6324499039540359
3.45999999999997, 1.5720776755648151, 1.6288653766344217
3.46999999999997, 1.6021019055575982, 1.607750087346457
3.47999999999997, 1.6060544078300123, 1.6084093002445976
3.4899999999999696, 1.5983563912194532, 1.631408803876234
3.4999999999999694, 1.5945123505073295, 1.6205741690582751
3.509999999999969, 1.6087846869927014, 1.596983779511759
3.519999999999969, 1.6438369425503088, 1.5916256614567155
3.5299999999999687, 1.6339901252813673, 1.5775839678225105
3.5399999999999685, 1.6507727168860011, 1.5888611202677319
3.5499999999999683, 1.6557687365360543, 1.6012441109230406
3.559999999999968, 1.6439226356044987, 1.5960604353004426
3.569999999999968, 1.6607267144850975, 1.6028919607133836
3.5799999999999677, 1.6614592490420248, 1.6151665328545586
3.5899999999999674, 1.6445398901861792, 1.5895592186923155
3.5999999999999672, 1.6283508840293963, 1.5745432089053506
3.609999999999967, 1.6444375550898929, 1.5490754668546396
3.619999999999967, 1.627369039328027, 1.5529917393910544
3.6299999999999666, 1.645955594267375, 1.5238443679246685
3.6399999999999664, 1.6357775627421007, 1.524868621427814
3.649999999999966, 1.6157924810734572, 1.540069331768213
3.659999999999966, 1.620292369423247, 1.5577705890012175
3.6699999999999657, 1.6246604743469386, 1.5812984426919816
3.6799999999999655, 1.6253985783670881, 1.6059697252225131
3.6899999999999653, 1.628953462658006, 1.5637899421284394
3.699999999999965, 1.6538041862018138, 1.5415131568631044
3.709999999999965, 1.6494613941275547, 1.5592833959741843
3.7199999999999647, 1.6592398292033252, 1.5929838173353223
3.7299999999999645, 1.6507299927522148, 1.6003896963437019
3.7399999999999642, 1.6574950213017199, 1.6126699113168073
3.749999999999964, 1.6536115360765755, 1.5857478342977742
3.759999999999964, 1.6814787613351936, 1.5925535192274058
3.7699999999999636, 1.6945089396306097, 1.6158924304471283
3.7799999999999634, 1.7181541421263544, 1.6491643029075393
3.789999999999963, 1.74610650948497, 1.6456326729473798
3.799999999999963, 1.7592085138166573, 1.6397576318254412
3.8099999999999627, 1.7942879846632362, 1.662701384199296
3.8199999999999625, 1.7712887950842098, 1.6605304694056995
3.8299999999999623, 1.7551804929202965, 1.641896409138223
3.839999999999962, 1.7841602192307764, 1.6278496188078766
3.849999999999962, 1.8008649401291623, 1.6258734125716945
3.8599999999999617, 1.7817527428209172, 1.6120810259681249
3.8699999999999615, 1.7931146801277245, 1.592155929416667
3.8799999999999613, 1.7911000495829656, 1.611623707798951
3.889999999999961, 1.8047775146605693, 1.6349981750233087
3.899999999999961, 1.8234538323502814, 1.6581494247297763
3.9099999999999606, 1.8098259036426656, 1.6546858680557914
3.9199999999999604, 1.839396362326348, 1.639313429925227
3.92999999999996, 1.856103763714884, 1.6270709755358812
3.93999999999996, 1.8716814109206057, 1.6334115498582986
3.9499999999999598, 1.8940621935139188, 1.6338942514304318
3.9599999999999596, 1.897959461713127, 1.6141711840484312
3.9699999999999593, 1.8621672711105457, 1.6064130016196598
3.979999999999959, 1.8910234062313853, 1.5972339331480412
3.989999999999959, 1.8959057877628704, 1.57446369495058
3.9999999999999587, 1.8822001496153524, 1.5281197585114228
4.009999999999959, 1.911425506505037, 1.5212894140558606
4.019999999999959, 1.8752716377118461, 1.5020613975653347
4.0299999999999585, 1.8890316729319525, 1.5098375775460746
4.039999999999958, 1.9274177562297825, 1.49651241866629
4.049999999999958, 1.9564207411557395, 1.4927258318988377
4.059999999999958, 1.974402432423877, 1.4747169661271704
4.069999999999958, 1.9650769780186412, 1.4893358519850075
4.079999999999957, 1.9651149972231021, 1.4818958109537612
4.089999999999957, 1.9682780133907287, 1.4607503062273048
4.099999999999957, 1.971314829243458, 1.4822935788903113
4.109999999999957, 2.0179508985862182, 1.4923793111604313
4.119999999999957, 2.055861445006678, 1.5007420422893822
4.129999999999956, 2.0440527857007083, 1.501928745874146
4.139999999999956, 2.094855834994639, 1.4992072471447793
4.149999999999956, 2.109844494360133, 1.5082604597907192
4.159999999999956, 2.1255135150859443, 1.5215521670847072
4.1699999999999555, 2.1159051645253766, 1.576127375920535
4.179999999999955, 2.079553610111451, 1.5885285507856042
4.189999999999955, 2.083532713185818, 1.6311033176690157
4.199999999999955, 2.09891791375761, 1.6423062767183623
4.209999999999955, 2.1026593295660208, 1.6327949217606377
4.2199999999999545, 2.142141401077693, 1.6215539136300263
4.229999999999954, 2.1641408706761607, 1.6291635428170061
4.239999999999954, 2.1779607435610018, 1.6531458842633115
4.249999999999954, 2.158584764835174, 1.6646121114194088
4.259999999999954, 2.188392635883793, 1.6574921928312896
4.269999999999953, 2.1889170725593616, 1.6436356022068264
4.279999999999953, 2.1984023167124844, 1.6224036308695553
4.289999999999953, 2.178711716630912, 1.6093676677816267
4.299999999999953, 2.216937787384421, 1.600674905915106
4.3099999999999525, 2.228632435459279, 1.5926347606414857
4.319999999999952, 2.2585126362532453, 1.5789455870254112
4.329999999999952, 2.2795843795749025, 1.5640362532094205
4.339999999999952, 2.2844552794145994, 1.5625541988374791
4.349999999999952, 2.2980972402706787, 1.5910290396339206
4.3599999999999515, 2.288932586301463, 1.6178989331655225
4.369999999999951, 2.345847189057888, 1.6026584359332843
4.379999999999951, 2.359188703357648, 1.5946927106132525
4.389999999999951, 2.3153690957794164, 1.5941953354209408
4.399999999999951, 2.342134285532342, 1.5680985174623474
4.40999999999995, 2.336091997651201, 1.6121396583915255
4.41999999999995, 2.3719823110339004, 1.5960236175073221
4.42999999999995, 2.4028679883450397, 1.591632732816984
4.43999999999995, 2.4139513279100644, 1.5903644133296095
4.4499999999999496, 2.43567590753884, 1.564166626143219
4.459999999999949, 2.428254040050148, 1.5206558198905553
4.469999999999949, 2.4389261721572564, 1.4979181233949836
4.479999999999949, 2.441169305839682, 1.4904596670374228
4.489999999999949, 2.4630809278382375, 1.4770089796183095
4.4999999999999485, 2.4465452496249758, 1.4773529433435486
4.509999999999948, 2.447105768395425, 1.4494783218671168
4.519999999999948, 2.4473804038462146, 1.427624472753401
4.529999999999948, 2.430186074275939, 1.4435149769667774
4.539999999999948, 2.4175470378748463, 1.4590519346234831
4.549999999999947, 2.4049078556966914, 1.4457783006255989
4.559999999999947, 2.390347518214782, 1.430013183874467
4.569999999999947, 2.3927541192410215, 1.423301180017199
4.579999999999947, 2.4190982237036924, 1.383395321234984
4.589999999999947, 2.409096999153513, 1.4135715383922596
4.599999999999946, 2.4538868901728255, 1.451364127371492
4.609999999999946, 2.464670929262882, 1.4540159779075126
4.619999999999946, 2.496737568637257, 1.4512060862244158
4.629999999999946, 2.497558645093048, 1.4207385160929926
4.6399999999999455, 2.480176306818071, 1.402614247362205
4.649999999999945, 2.478089349000369, 1.3680595019782777
4.659999999999945, 2.4712405103233044, 1.368639483429724
4.669999999999945, 2.4584936511439595, 1.3688762468562365
4.679999999999945, 2.4700523903799083, 1.3356583802779958
4.689999999999944, 2.514869001873571, 1.3404358684281208
4.699999999999944, 2.492791255605605, 1.34318204010816
4.709999999999944, 2.5417731707146713, 1.3153155677292252
4.719999999999944, 2.5435349314301874, 1.3024287841631388
4.729999999999944, 2.5563433837539646, 1.2809371991505378
4.739999999999943, 2.5366236757141745, 1.243769910099118
4.749999999999943, 2.5550491311386363, 1.2366917495872323
4.759999999999943, 2.5656456270383465, 1.2295752114339056
4.769999999999943, 2.5674662428387136, 1.2380764907975956
4.7799999999999425, 2.5902917123177094, 1.2339943215013323
4.789999999999942, 2.5467108102035545, 1.2597034938755407
4.799999999999942, 2.560881240425489, 1.2166246873622897
4.809999999999942, 2.587868004971763, 1.1963391739578095
4.819999999999942, 2.613181444755834, 1.217513519318092
4.8299999999999415, 2.620632136160902, 1.183616381134397
4.839999999999941, 2.614040574840629, 1.1673884729977466
4.849999999999941, 2.65548886576046, 1.1416684745117538
4.859999999999941, 2.6824005875110104, 1.1451969259175945
4.869999999999941, 2.6697101847326246, 1.1534951485092686
4.87999999999994, 2.64761846062448, 1.137816318048684
4.88999999999994, 2.6745913209252405, 1.1200050625751952
4.89999999999994, 2.7300418155371036, 1.109247307968539
4.90999999999994, 2.737314050116456, 1.153191317878756
4.9199999999999395, 2.7110140263045777, 1.1365382793452579
4.929999999999939, 2.6961715540057702, 1.1255396194216336
4.939999999999939, 2.6979261538652426, 1.13240968052979
4.949999999999939, 2.7118472518306804, 1.136946726336153
4.959999999999939, 2.7256604715030086, 1.1294891896824002
4.9699999999999385, 2.7666449832307034, 1.1313618571545199
4.979999999999938, 2.7471374042757155, 1.1176352026401848
4.989999999999938, 2.7422864582748043, 1.1614620464200944
4.999999999999938, 2.7331584582207875, 1.1765454759036376
5.009999999999938, 2.759364025218009, 1.1857311883707635
5.019999999999937, 2.7327645370285625, 1.187262729786677
5.029999999999937, 2.732607841993198, 1.1539990384009107
5.039999999999937, 2.739260736932948, 1.1605908217390788
5.049999999999937, 2.7941156991636813, 1.1622909854467809
5.0599999999999365, 2.83446601230693, 1.1377735485523386
5.069999999999936, 2.833748125361697, 1.1129440468233691
5.079999999999936, 2.833197111459694, 1.0812687574577573
5.089999999999936, 2.8532366795419817, 1.0808687160161834
5.099999999999936, 2.8608637268245998, 1.0885379830287822
5.1099999999999355, 2.837889008168871, 1.0695176765379937
5.119999999999935, 2.852983980088944, 1.043050692362052
5.129999999999935, 2.8661293389421965, 1.0243453448660627
5.139999999999935, 2.845618270367364, 1.0392591966186806
5.149999999999935, 2.871673791019429, 1.0456740918332594
5.159999999999934, 2.8661567540886144, 1.0222400668154514
5.169999999999934, 2.901448254210992, 1.0464157616492251
5.179999999999934, 2.9210543274067398, 1.0367870785108013
5.189999999999934, 2.9447747989420088, 0.992675245842272
5.199999999999934, 2.930758192121458, 0.9875641227057846
5.209999999999933, 2.9784663788423775, 0.9318682609272495
5.219999999999933, 3.0323961623338054, 0.9213216044090656
5.229999999999933, 3.025886437133857, 0.9158895199828269
5.239999999999933, 3.018850963945136, 0.880209983294184
5.2499999999999325, 3.0216137315684684, 0.8576881409545545
5.259999999999932, 2.998215188048013, 0.8289902760018413
5.269999999999932, 2.9956003261420427, 0.797334860647053
5.279999999999932, 2.975296334626061, 0.759818117620541
5.289999999999932, 2.9591764232855597, 0.7758701064786241
5.299999999999931, 2.957306616945145, 0.7602620236216707
5.309999999999931, 2.9844245439896007, 0.7388257225364765
5.319999999999931, 2.9732057472988673, 0.7396180727800518
5.329999999999931, 2.9719074381839166, 0.7220439804106287
5.339999999999931, 2.981166164251556, 0.6924288442165331
5.34999999999993, 2.964939113653573, 0.6860487396284276
5.35999999999993, 2.954632818993903, 0.7021622330588935
5.36999999999993, 2.954009533639605, 0.7289381390277492
5.37999999999993, 2.9461855347264283, 0.7365883805120145
5.3899999999999295, 2.928002686662356, 0.7285253378024596
5.399999999999929, 2.9388509214932865, 0.7077937559977883
5.409999999999929, 2.9760271640757097, 0.6917607652628136
5.419999999999929, 2.977408157521038, 0.6688613510153215
5.429999999999929, 2.9934099262718705, 0.6741325752837355
5.4399999999999284, 3.004006484099811, 0.620283979169577
5.449999999999928, 3.025495795641889, 0.6377614633475366
5.459999999999928, 3.0095402139267478, 0.6405472825262888
5.469999999999928, 3.0290777680504166, 0.6181006626602386
5.479999999999928, 3.015951152668869, 0.6334737184350627
5.489999999999927, 3.0320556145686006, 0.6341039544261912
5.499999999999927, 3.0184314570842363, 0.6198395088061822
5.509999999999927, 3.015310035227585, 0.6592735771667628
5.519999999999927, 3.071646804313068, 0.6420848125358402
5.5299999999999265, 3.085847174964429, 0.6197918626022815
5.539999999999926, 3.118233371349361, 0.6236285558414895
5.549999999999926, 3.115571634627055, 0.6143476886557637
5.559999999999926, 3.095718294889901, 0.6328431179609335
5.569999999999926, 3.0548390143130444, 0.6358485667363849
5.5799999999999255, 3.028784182708772, 0.6032062791952543
5.589999999999925, 3.0587941975321637, 0.6220220467262133
5.599999999999925, 3.0523381457479686, 0.6162026157745433
5.609999999999925, 3.0591045564691375, 0.6466528165024115
5.619999999999925, 3.072229854947328, 0.6669712789562867
5.629999999999924, 3.1108772166554886, 0.6707621135159839
5.639999999999924, 3.1406638801338134, 0.6832058883564183
5.649999999999924, 3.1372145536764435, 0.6896625831381016
5.659999999999924, 3.1178267036526592, 0.7309486255568788
5.6699999999999235, 3.1428825751918894, 0.7169467629097507
5.679999999999923, 3.1360222876339385, 0.7207747017722013
5.689999999999923, 3.1524262086332664, 0.7107582798992103
5.699999999999923, 3.1527613978688906, 0.6591919259005126
5.709999999999923, 3.186506320890201, 0.637249054045805
5.7199999999999225, 3.1908064731438914, 0.6280830713126355
5.729999999999922, 3.2037572914330807, 0.6406699004100588
5.739999999999922, 3.204791884526393, 0.6612134088192109
5.749999999999922, 3.2159253104257046, 0.6421577631410507
5.759999999999922, 3.2283242896602413, 0.6418959051481944
5.769999999999921, 3.2144463540084973, 0.6085973530141843
5.779999999999921, 3.2189899090795944, 0.6151130612161143
5.789999999999921, 3.266323909938524, 0.5917123291867613
5.799999999999921, 3.3013336248017007, 0.5799322401701568
5.809999999999921, 3.299379291564528, 0.5570064722326934
5.81999999999992, 3.2850647776431283, 0.5626103411165092
5.82999999999992, 3.319842529336143, 0.5516184933795042
5.83999999999992, 3.32110764193652, 0.5472785530711243
5.84999999999992, 3.3559133776004098, 0.5366464733660437
5.8599999999999195, 3.342131362642942, 0.5311032822971076
5.869999999999919, 3.323132397442811, 0.5525135321754765
5.879999999999919, 3.381334277362006, 0.5714410231748568
5.889999999999919, 3.3793422856846456, 0.5387667386714643
5.899999999999919, 3.4375628858416776, 0.5039233815840306
5.909999999999918, 3.426844301083798, 0.5347199494170234
5.919999999999918, 3.3860877447420727, 0.5266109892523725
5.929999999999918, 3.3844777729561164, 0.5311277360901498
5.939999999999918, 3.4185024666206583, 0.5106262799032976
5.949999999999918, 3.4316892723263224, 0.4862897039270196
5.959999999999917, 3.396111501123278, 0.4771165793074643
5.969999999999917, 3.3897739021430753, 0.4684446978582192
5.979999999999917, 3.419468377114125, 0.4382603466330189
5.989999999999917, 3.417156516170073, 0.42126215289600666
5.9999999999999165, 3.4644171573421807, 0.41875311330967485
6.009999999999916, 3.468045114327199, 0.40927260781950797
6.019999999999916, 3.444558735923538, 0.40660345116331637
6.029999999999916, 3.454702859448159, 0.4038847062273578
6.039999999999916, 3.4806927702083303, 0.40955183295594316
6.0499999999999154, 3.4685083920457265, 0.4424411030220273
6.059999999999915, 3.429233875457156, 0.42438914322156984
6.069999999999915, 3.4418878897498453, 0.4357987200104552
6.079999999999915, 3.4342975397245983, 0.41584939738939636
6.089999999999915, 3.424337143719892, 0.40726071039097794
6.099999999999914, 3.4432455222135787, 0.3924228928813302
6.109999999999914, 3.435550950675309, 0.40438079420578876
6.119999999999914, 3.4609533586349457, 0.4200659405976019
6.129999999999914, 3.446504295427629, 0.44150291106051187
6.1399999999999135, 3.441076672754998, 0.47918614159184103
6.149999999999913, 3.4764726348922186, 0.5088852907916999
6.159999999999913, 3.471097564739592, 0.5129430441827526
6.169999999999913, 3.493170395522738, 0.4978519942324378
6.179999999999913, 3.4968253902440436, 0.4902618186380516
6.1899999999999125, 3.49827987704018, 0.5180858563243892
6.199999999999912, 3.4778356463587663, 0.5458694192626088
6.209999999999912, 3.5022674519011727, 0.5614231122923101
6.219999999999912, 3.481923089595036, 0.5733925479984794
6.229999999999912, 3.476691752951111, 0.6068282204097877
6.239999999999911, 3.4565591596040552, 0.5969633765605519
6.249999999999911, 3.463274651118707, 0.5932953875717571
6.259999999999911, 3.494026806137929, 0.612877762661461
6.269999999999911, 3.4888546751577154, 0.6213968764573762
6.2799999999999105, 3.5296937047318573, 0.633740247798854
6.28999999999991, 3.548775819567487, 0.637716391088029
6.29999999999991, 3.5366741788418294, 0.6590169500955908
6.30999999999991, 3.5583066931730016, 0.6502721569079963
6.31999999999991, 3.5356472952711395, 0.6651665108906974
6.3299999999999095, 3.5306135635094607, 0.6468703114809563
6.339999999999909, 3.5196046435692896, 0.6267841764670745
6.349999999999909, 3.555151972472745, 0.6286995868010519
6.359999999999909, 3.58065696087645, 0.6252384621752627
6.369999999999909, 3.6070701854712266, 0.6681480911854087
6.379999999999908, 3.5957996037711517, 0.7251631541326224
6.389999999999908, 3.6061773404635162, 0.7221151015302951
6.399999999999908, 3.605998628966648, 0.7017769697355732
6.409999999999908, 3.63149344181409, 0.7393636301135693
6.419999999999908, 3.6020238454049602, 0.7732188089548211
6.429999999999907, 3.633857784800107, 0.773065664068554
6.439999999999907, 3.6541349521102826, 0.7848678229940816
6.449999999999907, 3.6275902899592865, 0.8091360741392023
6.459999999999907, 3.659109161774792, 0.8058465256464598
6.4699999999999065, 3.643886174540432, 0.8081417671499835
6.479999999999906, 3.6445240406517034, 0.8205531846647818
6.489999999999906, 3.66675429777949, 0.7835235817086352
6.499999999999906, 3.7149796025591115, 0.7703394802202487
6.509999999999906, 3.6924334316674186, 0.7982864372393658
6.519999999999905, 3.702585311729305, 0.8207997651719998
6.529999999999905, 3.7285737386075724, 0.8264211040903998
6.539999999999905, 3.7417297623385215, 0.8239516601386128
6.549999999999905, 3.723625356150255, 0.8296951147216305
6.559999999999905, 3.705636887300213, 0.8409548096545033
6.569999999999904, 3.700433436665668, 0.8521302410774005
6.579999999999904, 3.7551545305563008, 0.8519857147765527
6.589999999999904, 3.7660351339117515, 0.8521631451588787
6.599999999999904, 3.7424199195773284, 0.8522414900058347
6.6099999999999035, 3.7226059404511127, 0.8426809078510344
6.619999999999903, 3.710544479173558, 0.8357499797119687
6.629999999999903, 3.693340717990313, 0.8478004963972104
6.639999999999903, 3.6834897252927767, 0.8296365759238156
6.649999999999903, 3.671362792986738, 0.8185867188164412
6.659999999999902, 3.63882514467941, 0.8055016967251375
6.669999999999902, 3.5998456173614315, 0.8024740866083709
6.679999999999902, 3.5909197185926334, 0.8156389943541983
6.689999999999902, 3.6047027669869025, 0.8240039913259166
6.699999999999902, 3.640422457309632, 0.8207598227736039
6.709999999999901, 3.650900122791269, 0.8116980762416847
6.719999999999901, 3.61843835728465, 0.839939232491115
6.729999999999901, 3.6453368644810156, 0.8286460922643077
6.739999999999901, 3.676837900032264, 0.8340596261753015
6.7499999999999005, 3.6890808356494036, 0.8378276342451776
6.7599999999999, 3.695918593546024, 0.813550369396782
6.7699999999999, 3.7133556789590725, 0.8429983054368867
6.7799999999999, 3.7398033798883694, 0.8707941165817832
6.7899999999999, 3.700534869881354, 0.856187892613033
6.7999999999998995, 3.693939032381297, 0.8855572538158589
6.809999999999899, 3.7005238699317466, 0.8910103975460839
6.819999999999899, 3.700406299118028, 0.9076770544222037
6.829999999999899, 3.695404101914111, 0.9115862150980018
6.839999999999899, 3.696654782784042, 0.9169777216568576
6.849999999999898, 3.706070608491541, 0.9091417937392309
6.859999999999898, 3.7080777998024517, 0.8943230613278391
6.869999999999898, 3.708694125018444, 0.889850389121332
6.879999999999898, 3.7527798062165476, 0.9041857549634307
6.8899999999998975, 3.7474839029791998, 0.900777690723266
6.899999999999897, 3.758212225239465, 0.9470370521812805
6.909999999999897, 3.735717883810569, 0.9626155082641753
6.919999999999897, 3.7396997825340934, 0.989038828507326
6.929999999999897, 3.7245674628270717, 0.9683483251800542
6.9399999999998965, 3.7602264226669675, 1.005773469060021
6.949999999999896, 3.786585356028215, 1.0146355062447021
6.959999999999896, 3.8007932452293653, 1.043920276622561
6.969999999999896, 3.8415817201651343, 1.0651235074036611
6.979999999999896, 3.8212237678846863, 1.0888179585402735
6.989999999999895, 3.810330360435504, 1.1110677845294883
6.999999999999895, 3.7936579100998182, 1.1237830118593408
7.009999999999895, 3.848966353383842, 1.1051679122403648
7.019999999999895, 3.87627697427966, 1.1206702871991503
7.0299999999998946, 3.8895826244097593, 1.0786136217431472
7.039999999999894, 3.9256181453509074, 1.0667216168173548
7.049999999999894, 3.9384166585206963, 1.0814803597647642
7.059999999999894, 3.949965460264732, 1.1101790357616133
7.069999999999894, 3.9582847093874665, 1.134817021466044
7.0799999999998935, 3.9832478343975324, 1.130046634713616
7.089999999999893, 3.995725348631569, 1.173340723847224
7.099999999999893, 3.9968504565814853, 1.1733412424266314
7.109999999999893, 3.9808647162178343, 1.1707808704567417
7.119999999999893, 3.972761155802669, 1.1624880397906137
7.129999999999892, 3.9965747065655144, 1.1477400097015067
7.139999999999892, 3.9691802708116017, 1.1453031220198597
7.149999999999892, 3.96622234410654, 1.161275847057192
7.159999999999892, 3.9900886852989164, 1.1564712752099238
7.169999999999892, 3.979476492731398, 1.1680423893134715
7.179999999999891, 3.9680363016972384, 1.1858524217814228
7.189999999999891, 3.9584132921645363, 1.2246102867028277
7.199999999999891, 3.955673725644384, 1.258500168288447
7.209999999999891, 3.929269986044355, 1.2969152826416503
7.2199999999998905, 3.9242112035592203, 1.308299277646442
7.22999999999989, 3.968948833939875, 1.2866879820600472
7.23999999999989, 3.9696648862005617, 1.2990442364111383
7.24999999999989, 3.9763846940696674, 1.2937340709447862
7.25999999999989, 3.966697884389647, 1.322984687919589
7.269999999999889, 3.9439157786064385, 1.3423915316958588
7.279999999999889, 3.99301993078223, 1.357370714218461
7.289999999999889, 4.041788374896663, 1.3681526839931981
7.299999999999889, 4.06331597324806, 1.379972230901552
7.309999999999889, 4.060964529753656, 1.4262652029884826
7.319999999999888, 4.0439794598815855, 1.4557720356975359
7.329999999999888, 4.059337166706337, 1.4886744503854423
7.339999999999888, 4.040721787815406, 1.4827952666352897
7.349999999999888, 4.03420408460307, 1.4663019060228024
7.3599999999998875, 4.030092359398583, 1.4234472551962427
7.369999999999887, 4.0325807995116785, 1.4098975571550756
7.379999999999887, 4.019829148984237, 1.4392574235769497
7.389999999999887, 4.061356259436344, 1.43088398316674
7.399999999999887, 4.0888726494438545, 1.4062967468951693
7.4099999999998865, 4.076703413531688, 1.4029885118863605
7.419999999999886, 4.103757763613599, 1.4179778413439883
7.429999999999886, 4.130553628067112, 1.4241866259135831
7.439999999999886, 4.1331369987525255, 1.4489037798072868
7.449999999999886, 4.110366994063498, 1.4759326666537353
7.459999999999885, 4.134950516130188, 1.4818331961396216
7.469999999999885, 4.1384655356475, 1.5281998883765244
7.479999999999885, 4.145176546534353, 1.5300121552095975
7.489999999999885, 4.157745589432055, 1.5576380450324951
7.4999999999998845, 4.201793012586558, 1.5583553975155315
7.509999999999884, 4.211653778374197, 1.5384470711972205
7.519999999999884, 4.18560982987705, 1.5030297841940081
7.529999999999884, 4.186607708649178, 1.5247480972383098
7.539999999999884, 4.175717204286017, 1.5048631402610129
7.5499999999998835, 4.185904858934697, 1.5124807329431096
7.559999999999883, 4.181750286059382, 1.4926770069276307
7.569999999999883, 4.1698227531291945, 1.484412152160443
7.579999999999883, 4.17474869859409, 1.5181703692393294
7.589999999999883, 4.187049745500526, 1.541513281378518
7.599999999999882, 4.2012654279544455, 1.532002472198184
7.609999999999882, 4.202023627171927, 1.5238296937709652
7.619999999999882, 4.225614984694066, 1.546590427208143
7.629999999999882, 4.2214975297468165, 1.5385075359421396
7.6399999999998816, 4.260316623341965, 1.5280281515079472
7.649999999999881, 4.282795602130778, 1.538717112073144
7.659999999999881, 4.295092403327512, 1.4917249564761086
7.669999999999881, 4.282946035630653, 1.537629325024178
7.679999999999881, 4.269222625954149, 1.5206204033301294
7.6899999999998805, 4.283746129530678, 1.5542930913262658
7.69999999999988, 4.275007914086444, 1.5462988572107006
7.70999999999988, 4.2911013343197695, 1.5695936699597488
7.71999999999988, 4.279254262160139, 1.6149182100868469
7.72999999999988, 4.2770497749275505, 1.6598848763120366
7.739999999999879, 4.2839144104673625, 1.6878469245650858
7.749999999999879, 4.263594179349571, 1.6718343888926686
7.759999999999879, 4.259476630122418, 1.6778393486503624
7.769999999999879, 4.29463462600778, 1.6745341618625926
7.779999999999879, 4.323684317375665, 1.6719482331468372
7.789999999999878, 4.334037998571819, 1.6416729081806913
7.799999999999878, 4.33490371336044, 1.664748549633128
7.809999999999878, 4.344866374012264, 1.670726802060667
7.819999999999878, 4.361093479982942, 1.654892095514474
7.8299999999998775, 4.412884733042876, 1.6247882022361924
7.839999999999877, 4.403096935341868, 1.6189186895473242
7.849999999999877, 4.394420568525392, 1.5986230048527377
7.859999999999877, 4.395634345892084, 1.6146974839489572
7.869999999999877, 4.396402169730054, 1.6088356748813082
7.879999999999876, 4.426028062107131, 1.581855527265305
7.889999999999876, 4.44840524061739, 1.5655646560633247
7.899999999999876, 4.429235615815603, 1.611186299522004
7.909999999999876, 4.458199729100618, 1.6356050407527607
7.919999999999876, 4.4351198763159845, 1.617058489306068
7.929999999999875, 4.449743683180792, 1.62074899817935
7.939999999999875, 4.454374942491687, 1.6153798303015527
7.949999999999875, 4.48436339345139, 1.6070869094154105
7.959999999999875, 4.48542885149551, 1.614926563364588
7.9699999999998745, 4.506405390820038, 1.615651076589676
7.979999999999874, 4.530046486011161, 1.5922748555084778
7.989999999999874, 4.513828373304519, 1.595978968863894
7.999999999999874, 4.517335884969378, 1.590512627315934
8.009999999999874, 4.515687876408214, 1.555192692074658
8.019999999999873, 4.532265976586408, 1.572984192456773
8.029999999999873, 4.550841268232815, 1.5737697301496654
8.039999999999873, 4.546516225925051, 1.5808921798933662
8.049999999999873, 4.532946282347845, 1.5579344080704458
8.059999999999873, 4.562344357598323, 1.5619646323661724
8.069999999999872, 4.565374811667045, 1.5693657691489047
8.079999999999872, 4.587789302288648, 1.5781060824011357
8.089999999999872, 4.56454659510619, 1.5637291748991529
8.099999999999872, 4.562151198206634, 1.5435572154845039
8.109999999999872, 4.565131776388666, 1.5191612548955902
8.119999999999871, 4.569470361540195, 1.490728489801468
8.129999999999871, 4.586604895288965, 1.5195586425633711
8.139999999999871, 4.617256973185835, 1.5110618293265967
8.14999999999987, 4.620118460173697, 1.544784913243568
8.15999999999987, 4.623049504975694, 1.557305513926018
8.16999999999987, 4.633099350861701, 1.5432437253042322
8.17999999999987, 4.624351064090562, 1.5725838526657705
8.18999999999987, 4.645160458146853, 1.582465068210291
8.19999999999987, 4.625177252363951, 1.564850100267675
8.20999999999987, 4.630016034510652, 1.5659752071075097
8.21999999999987, 4.616347222279759, 1.60006353062641
8.229999999999869, 4.606440436229754, 1.6119921687726648
8.239999999999869, 4.631883895664019, 1.5700944520297313
8.249999999999869, 4.611874602813028, 1.545312812614951
8.259999999999868, 4.6215038573189755, 1.5279871561928529
8.269999999999868, 4.643744491279537, 1.529897418629447
8.279999999999868, 4.641495650088516, 1.5257469035038398
8.289999999999868, 4.634717926998555, 1.5373750361206235
8.299999999999867, 4.686145346909299, 1.5620166657654797
8.309999999999867, 4.686658918429076, 1.5527084018356587
8.319999999999867, 4.730407860111205, 1.5065771320346388
8.329999999999867, 4.742196694246872, 1.503031589141592
8.339999999999867, 4.737498588301644, 1.499248030471378
8.349999999999866, 4.765835118683586, 1.5294798733445683
8.359999999999866, 4.7703340075356, 1.5473206817952576
8.369999999999866, 4.746763974713066, 1.5337224316809817
8.379999999999866, 4.7398535539171345, 1.540277340991162
8.389999999999866, 4.727425407101612, 1.5209639709184275
8.399999999999865, 4.751854176697054, 1.5142477580530331
8.409999999999865, 4.752079163039346, 1.5038403677102257
8.419999999999865, 4.732357358305653, 1.5043821616376074
8.429999999999865, 4.711947397623246, 1.482864353947124
8.439999999999864, 4.716575768318464, 1.4699182963176747
8.449999999999864, 4.720310638747, 1.4624280824455747
8.459999999999864, 4.702591755218288, 1.4712739857334542
8.469999999999864, 4.691905965983641, 1.462666368083143
8.479999999999864, 4.721818141729491, 1.4681727646793317
8.489999999999863, 4.7792384202057185, 1.4762571195682361
8.499999999999863, 4.792110479967228, 1.446201556595324
8.509999999999863, 4.774881454861143, 1.4263716906545898
8.519999999999863, 4.779025621103422, 1.3996678581903044
8.529999999999863, 4.794559554170548, 1.3865221523343116
8.539999999999862, 4.832856614301127, 1.3816950064296931
8.549999999999862, 4.837965800765177, 1.3619218572463117
8.559999999999862, 4.842929229970558, 1.3528286508885063
8.569999999999862, 4.844578886476146, 1.351049806807444
8.579999999999862, 4.84345634146483, 1.365341668352453
8.589999999999861, 4.872579573881602, 1.3422733040047041
8.599999999999861, 4.873646439296103, 1.370935986498473
8.60999999999986, 4.892656283280174, 1.364364359002555
8.61999999999986, 4.92931116180362, 1.3422336660116045
8.62999999999986, 4.927545866672131, 1.3303289439534245
8.63999999999986, 4.942414112776208, 1.3672901042553076
8.64999999999986, 4.9168760300683285, 1.3949408399331935
8.65999999999986, 4.929033301041893, 1.3965245877493269
8.66999999999986, 4.932139300224613, 1.3925420704351652
8.67999999999986, 4.968715405008963, 1.3947672887021212
8.68999999999986, 4.979937309276918, 1.393895270602045
8.699999999999859, 4.994149600602984, 1.3802098607037212
8.709999999999859, 5.0353374109729145, 1.3763157425158643
8.719999999999859, 5.036451351621467, 1.3708122628747073
8.729999999999858, 5.051739610702091, 1.3767581627137457
8.739999999999858, 5.034352057568105, 1.376810337809381
8.749999999999858, 5.044236804305948, 1.3524607399846376
8.759999999999858, 5.053816216631592, 1.4095152915649007
8.769999999999857, 5.042057981834206, 1.4149538752438822
8.779999999999857, 5.018547825193282, 1.410309478948237
8.789999999999857, 5.073842266860826, 1.425495997342552
8.799999999999857, 5.053487100485624, 1.4223251832459802
8.809999999999857, 5.04388910747177, 1.4726275008801133
8.819999999999856, 5.069132520446296, 1.4757535495645744
8.829999999999856, 5.067101241622493, 1.4871558459513743
8.839999999999856, 5.052419448530561, 1.513272110068567
8.849999999999856, 5.078006795906582, 1.5406547401328208
8.859999999999856, 5.061601848769604, 1.5072555486792123
8.869999999999855, 5.0653822655374094, 1.5098635664204323
8.879999999999855, 5.081927536486732, 1.5395835109281246
8.889999999999855, 5.085622080845619, 1.554223261559599
8.899999999999855, 5.068405093112537, 1.5380175048489275
8.909999999999854, 5.082779031411055, 1.519075335195975
8.919999999999854, 5.116518872081012, 1.4952845768098593
8.929999999999854, 5.130592821200828, 1.4788294399874367
8.939999999999854, 5.1528676987802955, 1.4458689558271722
8.949999999999854, 5.180693628957723, 1.4174189700851965
8.959999999999853, 5.210634599979069, 1.3994608145782166
8.969999999999853, 5.217397616883558, 1.404703393198536
8.979999999999853, 5.23298860933048, 1.4083444889408747
8.989999999999853, 5.220947723203038, 1.3757331375038606
8.999999999999853, 5.250948464491814, 1.400521834781511
9.009999999999852, 5.2390756420092135, 1.3978378898533093
9.019999999999852, 5.219224322989309, 1.3747733361660346
9.029999999999852, 5.202316214924608, 1.3598307104888199
9.039999999999852, 5.199189546645553, 1.3906024994909392
9.049999999999851, 5.206390821817554, 1.3695030271687547
9.059999999999851, 5.217828013221715, 1.3612115815003931
9.069999999999851, 5.210448683856234, 1.3594072456478992
9.07999999999985, 5.22800118610286, 1.371409660725769
9.08999999999985, 5.261967395761911, 1.3655123074844608
9.09999999999985, 5.254571502640287, 1.342538231700604
9.10999999999985, 5.24263488912031, 1.3615842300724161
9.11999999999985, 5.294390365943036, 1.3493662618875009
9.12999999999985, 5.292845422425793, 1.3364867821093958
9.13999999999985, 5.2810779566553245, 1.2985024938421055
9.14999999999985, 5.291445831566442, 1.2731561223522911
9.15999999999985, 5.278088487946465, 1.2806376777447122
9.169999999999849, 5.336359725018979, 1.3024014049526695
9.179999999999849, 5.337204025411044, 1.281896007504058
9.189999999999849, 5.395473209869683, 1.301543026260691
9.199999999999848, 5.38912927577093, 1.291282017319707
9.209999999999848, 5.385347169553571, 1.2809443909069858
9.219999999999848, 5.395338392646338, 1.2608338472163194
9.229999999999848, 5.434319754625982, 1.2489266316829135
9.239999999999847, 5.417483789778717, 1.2460954911561428
9.249999999999847, 5.434437982324582, 1.2619193515245124
9.259999999999847, 5.441338882109726, 1.2430330961664275
9.269999999999847, 5.458285114163737, 1.2934112859864688
9.279999999999847, 5.475213921866264, 1.2831307264997096
9.289999999999846, 5.497868992755306, 1.2612736001240366
9.299999999999846, 5.48817051545619, 1.2841651127246456
9.309999999999846, 5.47441572678265, 1.2765573600562987
9.319999999999846, 5.45527293430154, 1.2857818603282627
9.329999999999846, 5.469986609659502, 1.260449617956331
9.339999999999845, 5.456248030020782, 1.273392396688621
9.349999999999845, 5.4635624395957505, 1.2453440786163599
9.359999999999845, 5.452844447367356, 1.2343616118456435
9.369999999999845, 5.480761925535375, 1.2228262676114239
9.379999999999844, 5.5196671455027815, 1.2296098868290042
9.389999999999844, 5.526562623086816, 1.2352760409686128
9.399999999999844, 5.522469998306744, 1.2390510986321224
9.409999999999844, 5.550388640045073, 1.241235818140683
9.419999999999844, 5.581112423002914, 1.2250352170449597
9.429999999999843, 5.591484272555995, 1.1884980504091829
9.439999999999843, 5.5815064427230086, 1.2027895015060235
9.449999999999843, 5.569747721485257, 1.2432399928610103
9.459999999999843, 5.573811820394251, 1.2156611978203258
9.469999999999843, 5.556978107839587, 1.2251413454379216
9.479999999999842, 5.560269589848785, 1.2244816802541325
9.489999999999842, 5.546519127800446, 1.2687860698084927
9.499999999999842, 5.5424235133296795, 1.2993710956438915
9.509999999999842, 5.51938343814975, 1.3161325295332846
9.519999999999841, 5.515220003853531, 1.3057694130497655
9.529999999999841, 5.544829584998548, 1.2833163318570722
9.539999999999841, 5.536451726688528, 1.281635007684223
9.54999999999984, 5.543335837663632, 1.2544424944695922
9.55999999999984, 5.52959843389665, 1.256356976328542
9.56999999999984, 5.559700642619567, 1.2383601932234543
9.57999999999984, 5.572890348210867, 1.2076473874436713
9.58999999999984, 5.553882384179493, 1.1991642067242076
9.59999999999984, 5.584556247173812, 1.18448454076512
9.60999999999984, 5.57022385630391, 1.1958370297060437
9.61999999999984, 5.55332512253058, 1.1481446209670878
9.62999999999984, 5.5539940299385995, 1.147076887206715
9.639999999999839, 5.549700405927924, 1.1571375637680756
9.649999999999839, 5.529235396723287, 1.1757996292594939
9.659999999999838, 5.520558643255375, 1.1915835508783486
9.669999999999838, 5.545546190419846, 1.2142131358905883
9.679999999999838, 5.562359155162831, 1.2053743880863683
9.689999999999838, 5.593043188750022, 1.227921470593711
9.699999999999838, 5.6045578181716, 1.2140398419182563
9.709999999999837, 5.575511839439383, 1.1899617109311067
9.719999999999837, 5.568133331635349, 1.1697289808021574
9.729999999999837, 5.586104911894995, 1.192269343812896
9.739999999999837, 5.633581904210935, 1.1623805853210734
9.749999999999837, 5.638098983965436, 1.137593307258873
9.759999999999836, 5.621704145490828, 1.109042062838603
9.769999999999836, 5.622100423895514, 1.099871201313606
9.779999999999836, 5.61081752057047, 1.095693955312371
9.789999999999836, 5.63828586816284, 1.1010285686947576
9.799999999999836, 5.626965383718636, 1.1108059764562506
9.809999999999835, 5.600577423049036, 1.139666078666901
9.819999999999835, 5.592703212419189, 1.137100218985228
9.829999999999835, 5.602413859460114, 1.1754072696893294
9.839999999999835, 5.590568377423771, 1.145888533077682
9.849999999999834, 5.6041687854338855, 1.1467522028472978
9.859999999999834, 5.592193751544383, 1.1386464647748764
9.869999999999834, 5.590444440323133, 1.1124536211174154
9.879999999999834, 5.586264276640467, 1.0934617803318933
9.889999999999834, 5.616471931546846, 1.0919688886548526
9.899999999999833, 5.619172670613487, 1.1008638087023266
9.909999999999833, 5.6493471396906845, 1.0820439594582
9.919999999999833, 5.625637969126686, 1.105420574838834
9.929999999999833, 5.616521563881675, 1.1172570927581584
9.939999999999833, 5.638752416127363, 1.0929050636810218
9.949999999999832, 5.648474767480289, 1.1012878976958662
9.959999999999832, 5.6610350811381185, 1.0924406832658475
9.969999999999832, 5.658491433371382, 1.0710101568426578
9.979999999999832, 5.6372770581378235, 1.05068911443366
9.989999999999831, 5.652031171347662, 1.034825661097777
9.999999999999831, 5.651704471139202, 1.0708961667766324
10.009999999999831, 5.631114462869837, 1.0706197207131802
10.01999999999983, 5.613506304319747, 1.0623543225145573
10.02999999999983, 5.611236174281387, 1.0471306604985773
10.03999999999983, 5.5913596632657665, 1.059093528116796
10.04999999999983, 5.583022299616162, 1.0770180006299042
10.05999999999983, 5.580944900195361, 1.0901897538567982
10.06999999999983, 5.587322467435441, 1.0733320705033527
10.07999999999983, 5.593569025295692, 1.0693496292195226
10.08999999999983, 5.596183468055531, 1.0953242553642664
10.09999999999983, 5.59652330584221, 1.0915236533450998
10.109999999999829, 5.584093847941483, 1.1034027272947768
10.119999999999829, 5.581997355664466, 1.10805447575913
10.129999999999828, 5.593098882641402, 1.0927381670903888
10.139999999999828, 5.6205925202673415, 1.09494396206248
10.149999999999828, 5.67183887869819, 1.0968730902534947
10.159999999999828, 5.675659933752536, 1.1085177255986869
10.169999999999828, 5.704071088235409, 1.0869084998589795
10.179999999999827, 5.689340482504549, 1.1054408237772513
10.189999999999827, 5.672558860595757, 1.1406789342975718
10.199999999999827, 5.703218195716081, 1.14559840506387
10.209999999999827, 5.685956996086006, 1.1699887073248145
10.219999999999827, 5.6890548461657335, 1.1648329590760451
10.229999999999826, 5.718873599622035, 1.1979289456339615
10.239999999999826, 5.723893482144011, 1.1923110160825197
10.249999999999826, 5.688157032299465, 1.1656470466851856
10.259999999999826, 5.697871799304454, 1.1410881415163068
10.269999999999825, 5.718498215384518, 1.139866196266653
10.279999999999825, 5.769789244277671, 1.1291007643014386
10.289999999999825, 5.782064438419009, 1.111467291269494
10.299999999999825, 5.769107587038923, 1.105960683833755
10.309999999999825, 5.778281137194992, 1.1030641226311706
10.319999999999824, 5.784271486716555, 1.0921837816110809
10.329999999999824, 5.834569128420489, 1.1196325028618812
10.339999999999824, 5.819115519113411, 1.0875710327154957
10.349999999999824, 5.817992944010371, 1.100658936061881
10.359999999999824, 5.85604048908261, 1.1452872035103143
10.369999999999823, 5.861402204972317, 1.1760563598437341
10.379999999999823, 5.891531583114162, 1.1968683262892972
10.389999999999823, 5.886627213922068, 1.1905892699140148
10.399999999999823, 5.91537522307456, 1.1676547337137066
10.409999999999823, 5.9263012712125285, 1.1455293661216555
10.419999999999822, 5.909559771974022, 1.1829825955267044
10.429999999999822, 5.900401974985422, 1.1390528422902224
10.439999999999822, 5.904648822205825, 1.1888468940569166
10.449999999999822, 5.8970678612953735, 1.216236831798166
10.459999999999821, 5.895202591835655, 1.1939275982810718
10.469999999999821, 5.916927331675636, 1.2415426723478937
10.479999999999821, 5.920231697130422, 1.2270532641357117
10.48999999999982, 5.879538720125844, 1.231598933202481
10.49999999999982, 5.897166768796551, 1.2393939875090363
10.50999999999982, 5.9147949304441125, 1.2230677457198018
10.51999999999982, 5.905098094674024, 1.2362455743375493
10.52999999999982, 5.920840860147587, 1.2245210430237574
10.53999999999982, 5.9446107628791145, 1.2335412369215262
10.54999999999982, 5.931071834120298, 1.226514091795949
10.55999999999982, 5.97524163242021, 1.2129017558477597
10.569999999999819, 5.976165960360981, 1.1974252509387215
10.579999999999819, 5.9662757890545075, 1.2029064961206384
10.589999999999819, 5.9699507388431, 1.1815055045718357
10.599999999999818, 5.962648551101133, 1.2038090934080066
10.609999999999818, 5.933634307738424, 1.1943626880599842
10.619999999999818, 5.930580791412402, 1.1748152548969157
10.629999999999818, 5.933881891323584, 1.1411491922675463
10.639999999999818, 5.939267446797941, 1.1686465797014012
10.649999999999817, 5.9433290617531975, 1.1846524607656912
10.659999999999817, 5.944226593248242, 1.2120248685619899
10.669999999999817, 5.934529372000279, 1.222937678070742
10.679999999999817, 5.922812957114187, 1.2288631049115326
10.689999999999817, 5.921014500509123, 1.2221264381239612
10.699999999999816, 5.942114572309853, 1.253189320834846
10.709999999999816, 5.943317014729888, 1.2283774352060766
10.719999999999816, 5.944185892102506, 1.2250116461933123
10.729999999999816, 5.942387338332426, 1.2002763122729085
10.739999999999815, 5.938622137241208, 1.2220825390810275
10.749999999999815, 5.934532969711586, 1.2178395513314864
10.759999999999815, 5.939686108445128, 1.2275607983721528
10.769999999999815, 5.991526759536356, 1.200656909860177
10.779999999999815, 5.990058652880038, 1.1910044051363982
10.789999999999814, 6.007011130062668, 1.1989213867344242
10.799999999999814, 6.029548056102937, 1.181184416013802
10.809999999999814, 6.023865212103517, 1.1872376459679201
10.819999999999814, 6.038228533412486, 1.167549542251437
10.829999999999814, 6.043378377816692, 1.1541170406216807
10.839999999999813, 6.039609271474217, 1.1497096356445822
10.849999999999813, 6.057709883289846, 1.1303027053300148
10.859999999999813, 6.086780129577329, 1.1210232248314282
10.869999999999813, 6.073231617439807, 1.118154026356365
10.879999999999812, 6.101142302720772, 1.1281832862049868
10.889999999999812, 6.099552148214923, 1.1332809841430973
10.899999999999812, 6.115805924779523, 1.160822515735738
10.909999999999812, 6.125802507732484, 1.1646247989918181
10.919999999999812, 6.112259325448522, 1.1400821082541213
10.929999999999811, 6.141914117071119, 1.1261065998627375
10.939999999999811, 6.147296493324691, 1.1067853057067243
10.949999999999811, 6.121400764483206, 1.1061255734261641
10.95999999999981, 6.119263456888223, 1.1211096095231932
10.96999999999981, 6.105516472951796, 1.1360470228956918
10.97999999999981, 6.122455621847154, 1.135300730384635
10.98999999999981, 6.152109711639798, 1.1666390196953618
10.99999999999981, 6.177151709969362, 1.1182079164661312
11.00999999999981, 6.1952471066426416, 1.0750579152490523
11.01999999999981, 6.220847293278611, 1.0660339291769096
11.02999999999981, 6.204017487200888, 1.0569844293163897
11.039999999999809, 6.168426326572993, 1.0565039076633127
11.049999999999809, 6.152368262296194, 1.067916172680051
11.059999999999809, 6.162733926786511, 1.0436838581423828
11.069999999999808, 6.1397136982497456, 1.0220975013599776
11.079999999999808, 6.146584866923818, 1.0130085875210504
11.089999999999808, 6.127902813077724, 1.001659159263794
11.099999999999808, 6.1378580860381335, 1.0169663636995787
11.109999999999808, 6.152190720882896, 1.0129950403663863
11.119999999999807, 6.150031446760656, 1.0036111415883295
11.129999999999807, 6.173764600147935, 1.0140087713357215
11.139999999999807, 6.178301384040665, 0.9933997861485709
11.149999999999807, 6.200931250997752, 0.9840847751718264
11.159999999999807, 6.252727258680864, 0.9413638951870595
11.169999999999806, 6.245364717299915, 0.9482120250433779
11.179999999999806, 6.276030233607482, 0.9536678758697713
11.189999999999806, 6.246958009829433, 0.9513750920732919
11.199999999999806, 6.286762371961432, 0.9253729272590884
11.209999999999805, 6.29707697734355, 0.9163145912026727
11.219999999999805, 6.311366460248342, 0.8997185020146193
11.229999999999805, 6.29957350691657, 0.909826102761339
11.239999999999805, 6.30948666893837, 0.8832441254995137
11.249999999999805, 6.30634224779598, 0.9206273877652502
11.259999999999804, 6.28327365827251, 0.9477812722845639
11.269999999999804, 6.317275172289505, 0.9663935922200135
11.279999999999804, 6.357082089013766, 0.9451043950830277
11.289999999999804, 6.386677195825392, 0.9178366330974909
11.299999999999804, 6.404224199392952, 0.8941377181597923
11.309999999999803, 6.405054857498908, 0.8787839477085209
11.319999999999803, 6.421906582541742, 0.8583243491297955
11.329999999999803, 6.465960985559381, 0.8419834485195264
11.339999999999803, 6.462778910411748, 0.8297405746581326
11.349999999999802, 6.492744329765133, 0.819128773869775
11.359999999999802, 6.5233214317107135, 0.8178151778540743
11.369999999999802, 6.567338339958454, 0.818265330729866
11.379999999999802, 6.584807504474592, 0.8398842078476147
11.389999999999802, 6.619528540375579, 0.8385606527257987
11.399999999999801, 6.626268691687922, 0.8235334986814368
11.409999999999801, 6.630169790883459, 0.8560611414302067
11.419999999999801, 6.634093804989223, 0.830587965776516
11.4299999999998, 6.650880724248686, 0.8404414473119188
11.4399999999998, 6.6847889076511935, 0.8464890318030899
11.4499999999998, 6.700895024744643, 0.869138157543162
11.4599999999998, 6.692174480143418, 0.8927382967916488
11.4699999999998, 6.687962008491501, 0.867170840932734
11.4799999999998, 6.68214082655624, 0.8794687474194318
11.4899999999998, 6.712734572751891, 0.8560776472258066
11.4999999999998, 6.719903690201986, 0.8658949908672793
11.509999999999799, 6.732236923588216, 0.8495297744709047
11.519999999999799, 6.722379762685009, 0.877992492292622
11.529999999999799, 6.71494220095311, 0.8783635704566295
11.539999999999798, 6.7291711018343605, 0.8929362025843879
11.549999999999798, 6.727244726561181, 0.8896664268179112
11.559999999999798, 6.744068896477423, 0.8791397299461498
11.569999999999798, 6.742130631566627, 0.9022920404325894
11.579999999999798, 6.723359562013604, 0.8881054953331845
11.589999999999797, 6.730131435807995, 0.8852223691580386
11.599999999999797, 6.748800279339296, 0.9013499995731904
11.609999999999797, 6.761155177241515, 0.8929589660507805
11.619999999999797, 6.754707872180482, 0.9007733362434948
11.629999999999797, 6.734281854457541, 0.9293697489389567
11.639999999999796, 6.705164406527883, 0.8996637065139643
11.649999999999796, 6.703462436546272, 0.8813314696396596
11.659999999999796, 6.695744023081263, 0.9055094452046121
11.669999999999796, 6.701020150699941, 0.8698515049053995
11.679999999999795, 6.691182837620465, 0.8871163279408145
11.689999999999795, 6.677516630698375, 0.8721819596725349
11.699999999999795, 6.6688013953881145, 0.8426571070899896
11.709999999999795, 6.694264848775799, 0.839534178578736
11.719999999999795, 6.67110850248994, 0.8672014481261221
11.729999999999794, 6.6592537717347255, 0.8658383488686476
11.739999999999794, 6.662419731697719, 0.8509618062633603
11.749999999999794, 6.639276685165194, 0.8548853330709976
11.759999999999794, 6.65539539143351, 0.8535454594450803
11.769999999999794, 6.656451558280999, 0.8397686464187779
11.779999999999793, 6.637326158384661, 0.8104189700215012
11.789999999999793, 6.635683674493803, 0.8209240774364887
11.799999999999793, 6.640087730428491, 0.8456231907338524
11.809999999999793, 6.691778815691689, 0.8560018944886204
11.819999999999792, 6.721291155279917, 0.8528461195136178
11.829999999999792, 6.698210501500943, 0.8744519916006672
11.839999999999792, 6.681265456818378, 0.856051433073374
11.849999999999792, 6.6725381502602685, 0.8388660091614077
11.859999999999792, 6.695049538005711, 0.833325033760214
11.869999999999791, 6.709613057625963, 0.8083050196710108
11.879999999999791, 6.708150466379588, 0.7878034386856636
11.889999999999791, 6.689295596297784, 0.7624791455119297
11.89999999999979, 6.707872906953983, 0.7726260510215723
11.90999999999979, 6.711717743797926, 0.7601753013578598
11.91999999999979, 6.694677627786871, 0.7372810612249483
11.92999999999979, 6.701330976246066, 0.7538011105888476
11.93999999999979, 6.726714904465814, 0.7461473313007134
11.94999999999979, 6.725193616064439, 0.7410515963983321
11.95999999999979, 6.717640807686605, 0.7159155237716706
11.96999999999979, 6.715898589972753, 0.7310971386977391
11.979999999999789, 6.759808363461114, 0.7413831251223711
11.989999999999789, 6.7783494584891555, 0.7501426390718324
11.999999999999789, 6.78809315669984, 0.742883974207864
12.009999999999788, 6.82300859317742, 0.7172305077668706
12.019999999999788, 6.852440120915759, 0.7238945858148687
12.029999999999788, 6.8818697973504905, 0.76225562968754
12.039999999999788, 6.921459580127569, 0.7843600343155487
12.049999999999788, 6.898204826430945, 0.764649199109429
12.059999999999787, 6.901605617698503, 0.8029000806943387
12.069999999999787, 6.905045425711987, 0.7977299900634849
12.079999999999787, 6.875789856710989, 0.8074274983770878
12.089999999999787, 6.891307188257735, 0.7845057951290841
12.099999999999786, 6.889256491550059, 0.7772271406918664
12.109999999999786, 6.87728097484395, 0.760530445823656
12.119999999999786, 6.867118561226931, 0.751553344495665
12.129999999999786, 6.88446641765583, 0.7288448059883041
12.139999999999786, 6.93599679865989, 0.7167370802761432
12.149999999999785, 6.928069121877201, 0.7095852562990276
12.159999999999785, 6.940200782659173, 0.7139203628069279
12.169999999999785, 6.9498549237816505, 0.6852576892988274
12.179999999999785, 6.929168227759801, 0.6965520726482686
12.189999999999785, 6.9403303671847825, 0.6823593247081939
12.199999999999784, 6.89925132496983, 0.6581675502639279
12.209999999999784, 6.869838276690438, 0.640789704947079
12.219999999999784, 6.874582471716832, 0.6426381802103126
12.229999999999784, 6.902204883658341, 0.6515293656194878
12.239999999999783, 6.891077664737051, 0.6716757971973172
12.249999999999783, 6.91323607155221, 0.6788350978829066
12.259999999999783, 6.940776950319515, 0.6765750305167125
12.269999999999783, 6.956644910871962, 0.6814402974162715
12.279999999999783, 6.966242957303692, 0.6792248017757206
12.289999999999782, 6.989612003377882, 0.7255673425967448
12.299999999999782, 6.9819608741685215, 0.7342780298942099
12.309999999999782, 6.952609998901965, 0.733314519856616
12.319999999999782, 6.981360092116269, 0.7349047514634629
12.329999999999782, 6.964988513639332, 0.7251127437938848
12.339999999999781, 6.980907601158947, 0.7007814531448142
12.349999999999781, 6.976764239144177, 0.6545233713443908
12.359999999999781, 7.004357082142875, 0.6374279300996649
12.36999999999978, 7.018612028771553, 0.6358222295207222
12.37999999999978, 7.052993699824955, 0.6353035186274048
12.38999999999978, 7.038751683810514, 0.6489033878766017
12.39999999999978, 7.036807596150923, 0.6249775382400854
12.40999999999978, 7.032332111284459, 0.6064386818176243
12.41999999999978, 7.046526525804789, 0.629239640875357
12.42999999999978, 7.061758966990521, 0.6416796579442404
12.43999999999978, 7.06246106970256, 0.666200011616004
12.449999999999779, 7.060415132291423, 0.6654579403938582
12.459999999999779, 7.11179147245488, 0.649426766522128
12.469999999999779, 7.075706992839671, 0.6252874559765593
12.479999999999778, 7.10309452533552, 0.6235047304959452
12.489999999999778, 7.1038797573144885, 0.6702673882607949
12.499999999999778, 7.089164393514359, 0.6512614998076808
12.509999999999778, 7.105500799282337, 0.6493527897640351
12.519999999999778, 7.117466873219731, 0.6604347522020616
12.529999999999777, 7.129686663101325, 0.6384249656349481
12.539999999999777, 7.168123905886662, 0.6345306845637992
12.549999999999777, 7.171612253679684, 0.6349049069680346
12.559999999999777, 7.160316097496313, 0.6109227613719922
12.569999999999776, 7.166597040643104, 0.5962931701819523
12.579999999999776, 7.179803354188509, 0.626613285509392
12.589999999999776, 7.16007258891874, 0.6386029262190612
12.599999999999776, 7.171034370378432, 0.6492978657428644
12.609999999999776, 7.15151140076123, 0.6420983570836698
12.619999999999775, 7.146993966833853, 0.6538594257159351
12.629999999999775, 7.132725589163171, 0.6469281335525614
12.639999999999775, 7.184032831970517, 0.6257663052407769
12.649999999999775, 7.214501315722072, 0.6790907852679706
12.659999999999775, 7.227295675383884, 0.6878078508592501
12.669999999999774, 7.240616758041268, 0.6419682578144067
12.679999999999774, 7.225766721982522, 0.660815227464827
12.689999999999774, 7.206226498683938, 0.6541426297424258
12.699999999999774, 7.1797739743498985, 0.6330718713472673
12.709999999999773, 7.165833760040361, 0.5873874052397139
12.719999999999773, 7.151824954458886, 0.6076057014907652
12.729999999999773, 7.12822018984921, 0.6214743061176785
12.739999999999773, 7.120348635746794, 0.6279710497393054
12.749999999999773, 7.123468453914058, 0.6207773096169654
12.759999999999772, 7.1091614988831004, 0.6290696470616118
12.769999999999772, 7.1255607909099155, 0.6009845449229744
12.779999999999772, 7.111418243303749, 0.6257689649695858
12.789999999999772, 7.136483651679935, 0.6020469566044787
12.799999999999772, 7.146260166830353, 0.5953115037640904
12.809999999999771, 7.1441656518066, 0.561404798650261
12.819999999999771, 7.130128098056514, 0.5607076541548954
12.829999999999771, 7.16052419183607, 0.552871989910091
12.83999999999977, 7.175554675369324, 0.5772505196483848
12.84999999999977, 7.171821764166752, 0.546597277111593
12.85999999999977, 7.160371200932958, 0.5600485419273414
12.86999999999977, 7.194854496350175, 0.5536785790772114
12.87999999999977, 7.185535965082556, 0.5880202063785243
12.88999999999977, 7.171513211732497, 0.5814261016265239
12.89999999999977, 7.16926133469667, 0.560597294466282
12.90999999999977, 7.1861839083097445, 0.5416477401488604
12.919999999999769, 7.178130204670437, 0.523499522775239
12.929999999999769, 7.160547135691265, 0.5230110388136148
12.939999999999769, 7.172973578908505, 0.5041924541494538
12.949999999999768, 7.177315705014322, 0.5223742942408516
12.959999999999768, 7.177458981767933, 0.5567397197192449
12.969999999999768, 7.175272977805001, 0.5683167059985061
12.979999999999768, 7.170612139333349, 0.5467740415403612
12.989999999999768, 7.1556458589819325, 0.5253135050561771
12.999999999999767, 7.171842513522107, 0.534559082363152
13.009999999999767, 7.194858031822144, 0.5372729233793292
13.019999999999767, 7.1988248085996815, 0.5627996315912929
13.029999999999767, 7.194134710302251, 0.5464134803403218
13.039999999999766, 7.183493926512377, 0.5378357661847123
13.049999999999766, 7.183634985239542, 0.561267894541659
13.059999999999766, 7.175619195185029, 0.5336520081752509
13.069999999999766, 7.198629826630217, 0.5173384336451613
13.079999999999766, 7.232686733512211, 0.5425089273280456
13.089999999999765, 7.2211751219878835, 0.5542452888794449
13.099999999999765, 7.267967673884086, 0.529350875484808
13.109999999999765, 7.259528402973355, 0.5499933445404255
13.119999999999765, 7.293906602098594, 0.5464150561411385
13.129999999999765, 7.309898578158598, 0.5321062741524452
13.139999999999764, 7.34387396253982, 0.5575126634866973
13.149999999999764, 7.357729689287802, 0.5678817492839643
13.159999999999764, 7.364183414114292, 0.5860444320081083
13.169999999999764, 7.34421469161399, 0.580023791625184
13.179999999999763, 7.3537728012911, 0.5824706346958478
13.189999999999763, 7.317372724049116, 0.596827117778461
13.199999999999763, 7.347677256135629, 0.5931693735072384
13.209999999999763, 7.350549482767823, 0.5823495407881684
13.219999999999763, 7.332912003089047, 0.5682006822547548
13.229999999999762, 7.354609436131022, 0.5554145661833817
13.239999999999762, 7.343000300620938, 0.5579871793619159
13.249999999999762, 7.333547910119528, 0.5339170769872409
13.259999999999762, 7.342635217433333, 0.544361323587943
13.269999999999762, 7.345409497237998, 0.5314721638372342
13.279999999999761, 7.345814650985956, 0.5569564777601903
13.289999999999761, 7.335047518651719, 0.5694387908551575
13.299999999999761, 7.392485381400106, 0.5574230448548633
13.30999999999976, 7.407816695000513, 0.5880349797729225
13.31999999999976, 7.436598783562665, 0.6312361839845397
13.32999999999976, 7.440937065825601, 0.6313263808485334
13.33999999999976, 7.457071451610784, 0.6337571448063712
13.34999999999976, 7.4616306148848945, 0.6408371225437303
13.35999999999976, 7.477763491271753, 0.6256505898426911
13.36999999999976, 7.493149616299378, 0.6602725099143962
13.37999999999976, 7.488248609743135, 0.6543180259070103
13.389999999999759, 7.4757119906716865, 0.6748936129826578
13.399999999999759, 7.493059173815382, 0.6565579800116534
13.409999999999759, 7.509075946867607, 0.6504463746278328
13.419999999999758, 7.521548377550013, 0.6292077592165535
13.429999999999758, 7.5368881728887285, 0.639301859123035
13.439999999999758, 7.521736463039237, 0.6512826606763471
13.449999999999758, 7.532394898273629, 0.6944604066558671
13.459999999999757, 7.5613544356561935, 0.6701930674952776
13.469999999999757, 7.561821259471475, 0.6762092116670595
13.479999999999757, 7.565701272571859, 0.6575757754697482
13.489999999999757, 7.565692149215765, 0.6516979505159197
13.499999999999757, 7.56610601029883, 0.6520017241991588
13.509999999999756, 7.570335915987824, 0.6517987032998205
13.519999999999756, 7.550758029539216, 0.6548643105015394
13.529999999999756, 7.60170291909356, 0.6693456863618916
13.539999999999756, 7.6132549757967904, 0.6594045893145383
13.549999999999756, 7.5987452587881945, 0.6606163040771031
13.559999999999755, 7.611645773062254, 0.660962680893912
13.569999999999755, 7.622207806159494, 0.6700973673500158
13.579999999999755, 7.61053510335731, 0.6806187798015215
13.589999999999755, 7.62295206555714, 0.6867102614700973
13.599999999999755, 7.656908391146892, 0.6869892441991147
13.609999999999754, 7.654675767269363, 0.7108206446466999
13.619999999999754, 7.666978182235534, 0.7198148065644052
13.629999999999754, 7.65978050404627, 0.6986317370965998
13.639999999999754, 7.693716240058904, 0.699770104118928
13.649999999999753, 7.6912686691881245, 0.7083312888356226
13.659999999999753, 7.670016654778989, 0.7321475518752127
13.669999999999753, 7.661578697114492, 0.7086085342725884
13.679999999999753, 7.640372341220361, 0.6946104870986004
13.689999999999753, 7.637991261623401, 0.6700242239306469
13.699999999999752, 7.69529091645135, 0.6585589273710104
13.709999999999752, 7.717955322079218, 0.6412642345711852
13.719999999999752, 7.697050479334293, 0.6257707949321608
13.729999999999752, 7.69990749663624, 0.6521009874672127
13.739999999999752, 7.714516825850255, 0.6374883705715625
13.749999999999751, 7.726638234333797, 0.6229937248357331
13.759999999999751, 7.715474974564025, 0.6177446303286172
13.76999999999975, 7.712564920386634, 0.6110156297990545
13.77999999999975, 7.714957445147244, 0.62846238168496
13.78999999999975, 7.709759044766013, 0.6558024855888884
13.79999999999975, 7.702938637265803, 0.6503373407116889
13.80999999999975, 7.715641395912966, 0.6477983683308094
13.81999999999975, 7.7002309158061, 0.6423918640130064
13.82999999999975, 7.689370916783714, 0.6251936389278087
13.83999999999975, 7.686050627199177, 0.5955173097333997
13.84999999999975, 7.685697097770045, 0.5750479598812065
13.859999999999749, 7.705457759797664, 0.559771580853424
13.869999999999749, 7.708766475455972, 0.5663341904173925
13.879999999999749, 7.691317204280215, 0.5744026853053199
13.889999999999748, 7.695355777330081, 0.5352872636997379
13.899999999999748, 7.69174961930748, 0.5364962061055015
13.909999999999748, 7.715899500506307, 0.5679847382169265
13.919999999999748, 7.744210343789437, 0.5808034693462569
13.929999999999747, 7.773489038407289, 0.5755936047572014
13.939999999999747, 7.770158774828101, 0.5589485523947932
13.949999999999747, 7.775482369143698, 0.590587832584235
13.959999999999747, 7.787322285988647, 0.609771634841086
13.969999999999747, 7.782819674743308, 0.6354442943285664
13.979999999999746, 7.805235923064816, 0.6302559319803789
13.989999999999746, 7.780818545082333, 0.6038171517278296
13.999999999999746, 7.814230467811252, 0.6104193522605138
14.009999999999746, 7.804137199041232, 0.6372055334527288
14.019999999999746, 7.799688322580113, 0.621846506896311
14.029999999999745, 7.762681891459099, 0.5981239652054374
14.039999999999745, 7.762452143630367, 0.5928934470856979
14.049999999999745, 7.740703159058853, 0.5853962461413048
14.059999999999745, 7.72063135430579, 0.5988989817202451
14.069999999999744, 7.705940363372631, 0.6086549090115874
14.079999999999744, 7.744525676816826, 0.6330235628511478
14.089999999999744, 7.735946643644527, 0.6158244802734508
14.099999999999744, 7.735555272806285, 0.5892968521735157
14.109999999999744, 7.773071267795604, 0.5751004535102185
14.119999999999743, 7.767774700572394, 0.5528404181073683
14.129999999999743, 7.7888522888783465, 0.6079100074035398
14.139999999999743, 7.822574477432692, 0.616044708107261
14.149999999999743, 7.83680186467556, 0.6087657362013955
14.159999999999743, 7.809340642370294, 0.6231645536703608
14.169999999999742, 7.815204636207392, 0.6424398360558806
14.179999999999742, 7.811674649821807, 0.6516914612923137
14.189999999999742, 7.769617272564181, 0.6788858165151902
14.199999999999742, 7.799506288546811, 0.6617179227748408
14.209999999999742, 7.8207421206832315, 0.6589930787357203
14.219999999999741, 7.8033468260402525, 0.6833766684238609
14.229999999999741, 7.809012336631998, 0.6837154024785338
14.23999999999974, 7.828864530164848, 0.7037768283834067
14.24999999999974, 7.817753661267975, 0.7100280242127811
14.25999999999974, 7.846312629649701, 0.7402675916968405
14.26999999999974, 7.822257139757357, 0.746370218343324
14.27999999999974, 7.804388179636093, 0.754831246658045
14.28999999999974, 7.804314435267585, 0.7683303040516521
14.29999999999974, 7.838543066392634, 0.7522436326848486
14.30999999999974, 7.8188220799880925, 0.7707843730432798
14.31999999999974, 7.82823604254831, 0.7956848586095315
14.329999999999739, 7.839810082128467, 0.7898006907149752
14.339999999999739, 7.833183836839659, 0.7720357457787285
14.349999999999739, 7.830391187431255, 0.7748013106908749
14.359999999999738, 7.842603908547608, 0.7875918906887001
14.369999999999738, 7.822676241875036, 0.814460436355756
14.379999999999738, 7.831834134314992, 0.8069658303971822
14.389999999999738, 7.812312104727954, 0.7969220057881844
14.399999999999737, 7.804137956576904, 0.7884701307713619
14.409999999999737, 7.792531980726789, 0.765001342266149
14.419999999999737, 7.771883049123994, 0.737847974143256
14.429999999999737, 7.772089839034949, 0.7299491982511236
14.439999999999737, 7.789174826772093, 0.7161639742192957
14.449999999999736, 7.805704946718204, 0.7162742751152965
14.459999999999736, 7.794878072310545, 0.7522371154842006
14.469999999999736, 7.777080105778641, 0.7363838462381657
14.479999999999736, 7.78339232555556, 0.7376658410762071
14.489999999999736, 7.773796313936592, 0.7468959234170951
14.499999999999735, 7.759473086742586, 0.7235818633785653
14.509999999999735, 7.769980387919293, 0.7502144278426824
14.519999999999735, 7.760448103593733, 0.7376448712076606
14.529999999999735, 7.785091297815588, 0.7388666948151968
14.539999999999734, 7.764942698945011, 0.7381139599946311
14.549999999999734, 7.76482912725319, 0.7220798273434758
14.559999999999734, 7.773797060254174, 0.7249047359315816
14.569999999999734, 7.795294806432166, 0.7396528191707532
14.579999999999734, 7.819308908667631, 0.748775892131107
14.589999999999733, 7.849332819420435, 0.7703525567915267
14.599999999999733, 7.858293707890237, 0.7494458328686872
14.609999999999733, 7.85806948563281, 0.762372574091254
14.619999999999733, 7.850677190841599, 0.7629535221252146
14.629999999999733, 7.839920614946389, 0.7880116608330998
14.639999999999732, 7.840306104943688, 0.7981627913323491
14.649999999999732, 7.822579728474631, 0.7741802040121136
14.659999999999732, 7.801312078699601, 0.7857367423277243
14.669999999999732, 7.807741478018916, 0.7715198539688769
14.679999999999731, 7.816784026896291, 0.7854068898171221
14.689999999999731, 7.809549209525211, 0.8159985441761726
14.699999999999731, 7.79703222043359, 0.8016148718112941
14.70999999999973, 7.825859445481094, 0.8360890484774827
14.71999999999973, 7.789522498773877, 0.8275485332413158
14.72999999999973, 7.792083439347882, 0.8362425116754901
14.73999999999973, 7.822088443795119, 0.819851734440456
14.74999999999973, 7.822172236324622, 0.8542878218841041
14.75999999999973, 7.8511274613439515, 0.8665298759947909
14.76999999999973, 7.908696508944812, 0.8691451448756127
14.77999999999973, 7.888772432647852, 0.8454820121709457
14.78999999999973, 7.8762156823932745, 0.8291763092655329
14.799999999999729, 7.858503985970017, 0.8230174530661987
14.809999999999729, 7.855513252131437, 0.8100581888251063
14.819999999999729, 7.882528947199027, 0.7650616533907233
14.829999999999728, 7.894736252197902, 0.7255759082166688
14.839999999999728, 7.891798470550506, 0.7319339845145949
14.849999999999728, 7.903726048272364, 0.7165429461072687
14.859999999999728, 7.92000060646645, 0.7254752373855058
14.869999999999727, 7.949710259312532, 0.7694931618120141
14.879999999999727, 7.912879772572998, 0.7667327078337925
14.889999999999727, 7.928644197824885, 0.7611202591933974
14.899999999999727, 7.913664321483814, 0.7864813336538669
14.909999999999727, 7.960109778800505, 0.8122057965379023
14.919999999999726, 8.017273231986387, 0.8198060513928659
14.929999999999726, 8.045120066175144, 0.8550535383775993
14.939999999999726, 8.04870711400687, 0.8722854939959386
14.949999999999726, 8.04550264260594, 0.8920691964118728
14.959999999999726, 8.040432841444654, 0.8682032429312223
14.969999999999725, 8.058159093629516, 0.8939466198195221
14.979999999999725, 8.043801704347372, 0.9154470190167372
14.989999999999725, 8.023959943221247, 0.8950458973862281
14.999999999999725, 8.039997356078908, 0.8892980608185155
15.009999999999724, 8.049018728292044, 0.8765554235127822
15.019999999999724, 8.082021323880417, 0.8649508069120642
15.029999999999724, 8.06051103073714, 0.8469466806468229
15.039999999999724, 8.045541900938424, 0.8173291414644641
15.049999999999724, 8.079082657805886, 0.7878578841292663
15.059999999999723, 8.075375322278143, 0.761710175730409
15.069999999999723, 8.054545440422263, 0.7985002093325535
15.079999999999723, 8.038866083057579, 0.7920338386977438
15.089999999999723, 8.071505761746259, 0.80968972783652
15.099999999999723, 8.0471336114898, 0.7876321576739583
15.109999999999722, 8.037082985435376, 0.8080260080265996
15.119999999999722, 8.034157871348551, 0.8207256361521537
15.129999999999722, 8.036227133876459, 0.80352171718848
15.139999999999722, 8.00898201960335, 0.7969348199881677
15.149999999999721, 8.020864746566811, 0.7870062468074835
15.159999999999721, 8.002672171309056, 0.747945241827533
15.169999999999721, 7.972151435342882, 0.7277835987147928
15.17999999999972, 7.953848835772344, 0.7053146408713395
15.18999999999972, 7.977356628954069, 0.7177743670503566
15.19999999999972, 8.03407656487848, 0.753501169790389
15.20999999999972, 8.022601466406163, 0.736929930609883
15.21999999999972, 8.004943906823641, 0.7518664205168883
15.22999999999972, 7.974433294707119, 0.7342919025604431
15.23999999999972, 7.99175657845916, 0.7252464087581907
15.24999999999972, 8.000185818832318, 0.7182450832607333
15.25999999999972, 7.975631350894328, 0.6743924457028689
15.269999999999719, 7.933201959607266, 0.6828958607493786
15.279999999999719, 7.945481148003876, 0.6755640767115154
15.289999999999718, 7.92414189939734, 0.6886719198979697
15.299999999999718, 7.887056073467105, 0.6862303801970201
15.309999999999718, 7.886529745431349, 0.6710810217915927
15.319999999999718, 7.877462263250314, 0.7152733081968486
15.329999999999718, 7.86647306287249, 0.7558037433797187
15.339999999999717, 7.875740493362261, 0.7502422026979068
15.349999999999717, 7.848698147717228, 0.7761254123273286
15.359999999999717, 7.843924263919772, 0.7698915000723736
15.369999999999717, 7.881884502999326, 0.8056676978647239
15.379999999999717, 7.867375778775401, 0.8146783424131784
15.389999999999716, 7.852230549154641, 0.8411102553905366
15.399999999999716, 7.856007683932532, 0.8417393199082059
15.409999999999716, 7.902763063521157, 0.8628425872604132
15.419999999999716, 7.879035163151738, 0.8324541251828237
15.429999999999715, 7.89511272579039, 0.8380821731412598
15.439999999999715, 7.895103421790057, 0.8261413694703101
15.449999999999715, 7.90750879788571, 0.8607850697157529
15.459999999999715, 7.927789989907671, 0.8608831875288814
15.469999999999715, 7.95765952940712, 0.8616368499869219
15.479999999999714, 7.945032040152793, 0.8582144183496985
15.489999999999714, 7.954518862751248, 0.8764376974282261
15.499999999999714, 7.970508778284217, 0.8853485718571897
15.509999999999714, 7.965700410720596, 0.8692095096434006
15.519999999999714, 7.965671402229274, 0.8530166982776148
15.529999999999713, 7.924016153748756, 0.8296885982075981
15.539999999999713, 7.945588904202564, 0.8051986340778451
15.549999999999713, 7.962108480958859, 0.8200643622982241
15.559999999999713, 7.944184803788641, 0.814450313858202
15.569999999999713, 8.001394694538678, 0.8073927707343248
15.579999999999712, 8.029814558523599, 0.8184051518571184
15.589999999999712, 8.063723327680203, 0.8372749824098243
15.599999999999712, 8.039441082949091, 0.8436298906134642
15.609999999999712, 8.073437756470042, 0.8434978512296449
15.619999999999711, 8.068060280190531, 0.8471738111067467
15.629999999999711, 8.063042368100062, 0.857839521751673
15.639999999999711, 8.076220264422698, 0.859187427862641
15.64999999999971, 8.049116437056549, 0.8541622462962989
15.65999999999971, 8.052016754015812, 0.8799811213651045
15.66999999999971, 8.078884630684563, 0.9100114962100192
15.67999999999971, 8.113084915279828, 0.8855526063196751
15.68999999999971, 8.108117329975126, 0.8998790973010385
15.69999999999971, 8.095286813939405, 0.8968212628308092
15.70999999999971, 8.107521769288976, 0.8975923278012227
15.71999999999971, 8.118877059686021, 0.924753067640106
15.729999999999709, 8.138958513421372, 0.9725011462843665
15.739999999999709, 8.14851533303454, 0.9693857780683852
15.749999999999709, 8.13794891624667, 0.9957390907252157
15.759999999999708, 8.152980643414205, 0.9837367594282486
15.769999999999708, 8.150901173242286, 0.9771131505036038
15.779999999999708, 8.160066588429999, 0.9738759433859876
15.789999999999708, 8.16392565811625, 0.9708563404406388
15.799999999999708, 8.159257404617838, 0.9497485389436194
15.809999999999707, 8.189322626641335, 1.0039105219484443
15.819999999999707, 8.186404609466127, 0.9896869653538587
15.829999999999707, 8.190932126232024, 0.9650035568882399
15.839999999999707, 8.208715229428417, 1.0127524477750476
15.849999999999707, 8.242786507305746, 0.9726639918879485
15.859999999999706, 8.272697597852682, 0.9624979841575355
15.869999999999706, 8.255300259843764, 0.9777664469075359
15.879999999999706, 8.266602918174495, 0.9902051479708092
15.889999999999706, 8.284267139385166, 0.9790186091164584
15.899999999999705, 8.264321303569472, 1.0143032218287527
15.909999999999705, 8.249818853297954, 0.9842266240898824
15.919999999999705, 8.242392878595297, 1.024463790890862
15.929999999999705, 8.239443789013466, 1.026903128211928
15.939999999999705, 8.221835676901666, 1.061306898073618
15.949999999999704, 8.250355658379222, 1.0687231087178863
15.959999999999704, 8.262967868942038, 1.068450848538233
15.969999999999704, 8.249002691549098, 1.091551443743145
15.979999999999704, 8.235197349883913, 1.0871282527055608
15.989999999999704, 8.217911299338342, 1.0826988865380964
15.999999999999703, 8.220814633716781, 1.0877077291363055
16.009999999999703, 8.210695388358573, 1.1212566545741491
16.019999999999705, 8.213777570570718, 1.114019693098486
16.029999999999706, 8.243143947591856, 1.0944373272115926
16.039999999999708, 8.240918733747868, 1.0793195285285713
16.04999999999971, 8.23311758708557, 1.0754452379785877
16.05999999999971, 8.284451908545883, 1.075400500358399
16.069999999999713, 8.266991375733566, 1.083222529560784
16.079999999999714, 8.288995142938441, 1.0991983759177302
16.089999999999716, 8.25293821624948, 1.0842575595139752
16.099999999999717, 8.273539783906791, 1.0600695738840848
16.10999999999972, 8.285570901336701, 1.0604779776311388
16.11999999999972, 8.336687156325164, 1.0865303559392594
16.129999999999722, 8.351725549529533, 1.071924238916938
16.139999999999723, 8.367795310571136, 1.048597323190051
16.149999999999725, 8.373538962000582, 1.0256121392423256
16.159999999999727, 8.366451618324858, 1.0512220701190849
16.169999999999728, 8.339440644027839, 1.0513826355543947
16.17999999999973, 8.36917313050541, 1.0312078078552458
16.18999999999973, 8.327153158424698, 1.046423394525589
16.199999999999733, 8.316478232906585, 1.0382930407202502
16.209999999999734, 8.34110164255989, 1.0504210045613818
16.219999999999736, 8.362764286345659, 1.0625708140463714
16.229999999999738, 8.348019850103382, 1.081128127742644
16.23999999999974, 8.38129600552936, 1.0605538690850067
16.24999999999974, 8.344605452728858, 1.055060238087658
16.259999999999742, 8.341494685382289, 1.0556440341435995
16.269999999999744, 8.368448403979217, 1.0527946657558829
16.279999999999745, 8.365525859855614, 1.0198711838028576
16.289999999999747, 8.389736187125997, 1.0295982933181091
16.29999999999975, 8.38416935694877, 1.0145229702159526
16.30999999999975, 8.383452061558161, 0.9945021742988266
16.31999999999975, 8.379552393791446, 0.9948722861155569
16.329999999999753, 8.384713725060642, 0.9991769824099418
16.339999999999755, 8.383899340493398, 1.0403275867727482
16.349999999999756, 8.356682887924178, 1.0499421788925922
16.359999999999758, 8.336462363703077, 1.03426168759006
16.36999999999976, 8.374324779029743, 1.0528827928842797
16.37999999999976, 8.420722493468338, 1.0474438028903719
16.389999999999763, 8.39620458440834, 1.0425593788137089
16.399999999999764, 8.378776492128365, 1.0161464148005572
16.409999999999766, 8.358111515913693, 0.993722302951626
16.419999999999767, 8.369839621889078, 0.9736846907306306
16.42999999999977, 8.364010425179277, 0.9686942289559691
16.43999999999977, 8.321451672726587, 0.9959327919964484
16.449999999999772, 8.338200551704695, 0.9806827472751384
16.459999999999773, 8.366720752117002, 0.9734954910017176
16.469999999999775, 8.363079441577181, 0.9853344427670461
16.479999999999777, 8.35407084092689, 0.9806348346450711
16.489999999999778, 8.382485863085057, 0.9546256527104878
16.49999999999978, 8.385734985727034, 0.9421859249873971
16.50999999999978, 8.37968629319842, 0.9522634489088675
16.519999999999783, 8.358413282869883, 0.9777415885835573
16.529999999999784, 8.338021437463642, 0.9731464704541729
16.539999999999786, 8.355178485426153, 0.9833334451882417
16.549999999999788, 8.346207197514005, 0.9970651332774283
16.55999999999979, 8.341663202042495, 1.0106646418220522
16.56999999999979, 8.341215574445721, 1.0327275787667138
16.579999999999792, 8.351584993505332, 1.0730416694795273
16.589999999999794, 8.357620419092145, 1.0518284088176277
16.599999999999795, 8.360220388279313, 1.040250552683595
16.609999999999797, 8.372354657026753, 1.0433555119520903
16.6199999999998, 8.368069366600565, 1.0432993189331548
16.6299999999998, 8.394891856095157, 1.0259893969578584
16.6399999999998, 8.418386704494921, 1.0537950220683285
16.649999999999803, 8.400148031415911, 1.0673151042195306
16.659999999999805, 8.382945138313286, 1.049938658195732
16.669999999999806, 8.364902949104229, 1.0421190387816965
16.679999999999808, 8.337817904739914, 1.0416818301426978
16.68999999999981, 8.37573527577123, 1.0655912560531402
16.69999999999981, 8.418859471557953, 1.0666997249282444
16.709999999999813, 8.39463670520028, 1.1106226885723725
16.719999999999814, 8.438084544413538, 1.0829505707338178
16.729999999999816, 8.419993497093573, 1.0771275795427435
16.739999999999817, 8.448536213975844, 1.0712053578875136
16.74999999999982, 8.418043046426197, 1.0647892351858659
16.75999999999982, 8.417654578307028, 1.0256140648149714
16.769999999999822, 8.416817401587775, 1.035071072427499
16.779999999999824, 8.413391615022572, 1.0366440407147013
16.789999999999825, 8.400100475879027, 0.992728373389586
16.799999999999827, 8.405064525627049, 0.9908622813752779
16.809999999999828, 8.407139415948103, 1.0050970185712356
16.81999999999983, 8.418603251418482, 0.990353356032714
16.82999999999983, 8.428009140910294, 1.0035212835567484
16.839999999999833, 8.453857921217477, 1.0018183527261764
16.849999999999834, 8.456883129905341, 1.0205989728635028
16.859999999999836, 8.441162949622038, 0.9825219649374073
16.869999999999838, 8.421890230072824, 1.001371392242695
16.87999999999984, 8.437482579053647, 1.0288062309060566
16.88999999999984, 8.449447560511421, 1.0142450092084725
16.899999999999842, 8.46112099019419, 1.0286815706247947
16.909999999999844, 8.439284958886969, 1.0779595245602298
16.919999999999845, 8.44335394688504, 1.0816875034241404
16.929999999999847, 8.45537052270639, 1.0991751979092554
16.93999999999985, 8.46690338705721, 1.0785658306695147
16.94999999999985, 8.463549847658582, 1.0712169061962435
16.95999999999985, 8.465276578235532, 1.0623616470040471
16.969999999999853, 8.466829397747025, 1.0186642237699606
16.979999999999855, 8.453790861657778, 1.0150260922285348
16.989999999999856, 8.468525075509831, 1.052412348616374
16.999999999999858, 8.454734085848102, 1.0564983988434344
17.00999999999986, 8.439277733765872, 1.060345659070162
17.01999999999986, 8.460285536830318, 1.031168483503572
17.029999999999863, 8.497110042562886, 1.014327393195335
17.039999999999864, 8.480094752365371, 1.0005145108978832
17.049999999999866, 8.465508954333623, 1.037432098767839
17.059999999999867, 8.481542380530762, 1.0205703606641618
17.06999999999987, 8.463024204097081, 1.0167225403572069
17.07999999999987, 8.458927145810488, 1.0086545432615597
17.089999999999872, 8.479251768533212, 1.0132172690099344
17.099999999999874, 8.47790947300177, 0.9924209619500656
17.109999999999875, 8.480287204393628, 0.9918176357390257
17.119999999999877, 8.525025617607719, 0.973102276443666
17.129999999999878, 8.518247262031991, 0.9997859210184039
17.13999999999988, 8.515818016797216, 1.0424286157488643
17.14999999999988, 8.496325042769719, 1.0879662485104213
17.159999999999883, 8.528648900700201, 1.1367877210706432
17.169999999999884, 8.515615319125633, 1.1163950951548902
17.179999999999886, 8.518158523930612, 1.1441602111134122
17.189999999999888, 8.55598878390174, 1.1501768308598959
17.19999999999989, 8.566090067104705, 1.174655052790932
17.20999999999989, 8.581324035602883, 1.1916784320209963
17.219999999999892, 8.561534960942447, 1.1799071910504708
17.229999999999894, 8.600535542505934, 1.1656316512824936
17.239999999999895, 8.590279880448582, 1.155506881905177
17.249999999999897, 8.616373266742144, 1.1454277735468337
17.2599999999999, 8.609280937220726, 1.1268677578385293
17.2699999999999, 8.622973045996629, 1.1322006005216723
17.2799999999999, 8.605812424865533, 1.1589278073539186
17.289999999999903, 8.62236617161809, 1.1598342521575333
17.299999999999905, 8.649321555175748, 1.1647993742754053
17.309999999999906, 8.62860339703977, 1.1618767765327478
17.319999999999908, 8.602645575263233, 1.2119336236185516
17.32999999999991, 8.595781252667829, 1.2027581459530565
17.33999999999991, 8.623099173533125, 1.2499019330130514
17.349999999999913, 8.636426027009016, 1.2669584115956767
